1,-1.7699737517683887,Index(['delta_g_sol_oct']  dtype='object')
2,-0.807412550906023,Index(['Hyd0'  'delta_g_sol_oct']  dtype='object')
3,-0.8105343860075482,Index(['Hyd0'  'delta_g_sol_oct'  'WPATH']  dtype='object')
4,-0.811809542380867,Index(['HBAs'  'Hyd0'  'delta_g_sol_oct'  'WPATH']  dtype='object')
5,-0.8002977936981545,Index(['HBAs'  'Hyd0'  'delta_g_sol_oct'  'WPATH'  'NumHAcceptors']  dtype='object')
6,-0.800559406280826,Index(['HBAs'  'HydP0'  'Hyd0'  'delta_g_sol_oct'  'WPATH'  'NumHAcceptors']  dtype='object')
7,-0.798461603667363,Index(['XHds'  'HBAs'  'HydP0'  'Hyd0'  'delta_g_sol_oct'  'WPATH'         'NumHAcceptors']        dtype='object')
8,-0.794456379225176,Index(['XHds'  'HBAs'  'HydP0'  'Hyd0'  'delta_g_sol_oct'  'WPATH'         'khs.ssCH2'  'NumHAcceptors']        dtype='object')
9,-0.7935387453419527,Index(['XHds'  'HBAs'  'HydP0'  'Hyd0'  'delta_g_sol_oct'  'WPATH'         'khs.ssCH2'  'ATSp1'  'NumHAcceptors']        dtype='object')
10,-0.7938509181865739,Index(['XHds'  'HBAs'  'HydP0'  'Hyd0'  'delta_g_sol_oct'  'WPATH'         'khs.ssCH2'  'khs.sssCH'  'ATSp1'  'NumHAcceptors']        dtype='object')
11,-0.7864204899142583,Index(['XHds'  'HBAs'  'HydP0'  'Hyd0'  'delta_g_sol_oct'  'WPATH'         'khs.ssCH2'  'khs.sssCH'  'ATSp1'  'HallKierAlpha'  'NumHAcceptors']        dtype='object')
12,-0.7858028886449866,Index(['XHds'  'HBAs'  'HydP0'  'Hyd0'  'delta_g_sol_oct'  'WPATH'         'khs.ssCH2'  'khs.sssCH'  'ATSp1'  'HallKierAlpha'  'NumHAcceptors'         'MQNs_28']        dtype='object')
13,-0.7858755900849405,Index(['XHds'  'HBAs'  'HydP0'  'Hyd0'  'delta_g_sol_oct'  'WPATH'  'WTPT.4'         'khs.ssCH2'  'khs.sssCH'  'ATSp1'  'HallKierAlpha'  'NumHAcceptors'         'MQNs_28']        dtype='object')
14,-0.7846701875237188,Index(['XHds'  'HBAs'  'HydP0'  'Hyd0'  'delta_g_sol_oct'  'WPATH'  'WTPT.4'         'khs.sCH3'  'khs.ssCH2'  'khs.sssCH'  'ATSp1'  'HallKierAlpha'         'NumHAcceptors'  'MQNs_28']        dtype='object')
15,-0.7652244862427096,Index(['XHds'  'HBAs'  'HydP0'  'Hyd0'  'delta_g_sol_oct'  'WPATH'  'WTPT.4'         'khs.sCH3'  'khs.ssCH2'  'khs.sssCH'  'ATSp1'  'HallKierAlpha'         'NumHAcceptors'  'SMR_VSA_10'  'MQNs_28']        dtype='object')
16,-0.7566736967803276,Index(['XHds'  'HBAs'  'HydP0'  'Hyd0'  'delta_g_sol_oct'  'nRotB'  'WPATH'         'WTPT.4'  'khs.sCH3'  'khs.ssCH2'  'khs.sssCH'  'ATSp1'         'HallKierAlpha'  'NumHAcceptors'  'SMR_VSA_10'  'MQNs_28']        dtype='object')
17,-0.7553978461038906,Index(['XHds'  'HBAs'  'HydP0'  'Hyd0'  'delta_g_sol_oct'  'nRotB'  'WPATH'         'WTPT.4'  'khs.sCH3'  'khs.ssCH2'  'khs.sssCH'  'ATSp1'         'HallKierAlpha'  'NumHAcceptors'  'SMR_VSA_10'  'MQNs_26'  'MQNs_28']        dtype='object')
18,-0.7555219852055308,Index(['XHds'  'HBAs'  'HydP0'  'Hyd0'  'delta_g_sol_oct'  'nRotB'         'nSmallRings'  'WPATH'  'WTPT.4'  'khs.sCH3'  'khs.ssCH2'  'khs.sssCH'         'ATSp1'  'HallKierAlpha'  'NumHAcceptors'  'SMR_VSA_10'  'MQNs_26'         'MQNs_28']        dtype='object')
19,-0.7552145115650053,Index(['XHds'  'HBAs'  'HydP0'  'Hyd0'  'delta_g_sol_oct'  'nRotB'         'nSmallRings'  'WPATH'  'WTPT.4'  'khs.sCH3'  'khs.ssCH2'  'khs.sssCH'         'SC.3'  'ATSp1'  'HallKierAlpha'  'NumHAcceptors'  'SMR_VSA_10'         'MQNs_26'  'MQNs_28']        dtype='object')
20,-0.7562033232603332,Index(['XHds'  'HBAs'  'HydP0'  'Hyd0'  'delta_g_sol_oct'  'nRotB'         'nSmallRings'  'WPATH'  'WTPT.4'  'khs.sCH3'  'khs.ssCH2'  'khs.sssCH'         'SC.3'  'ATSp1'  'HallKierAlpha'  'NumHAcceptors'  'SMR_VSA_1'         'SMR_VSA_10'  'MQNs_26'  'MQNs_28']        dtype='object')
21,-0.7577894774036028,Index(['CHds'  'XHds'  'HBAs'  'HydP0'  'Hyd0'  'delta_g_sol_oct'  'nRotB'         'nSmallRings'  'WPATH'  'WTPT.4'  'khs.sCH3'  'khs.ssCH2'  'khs.sssCH'         'SC.3'  'ATSp1'  'HallKierAlpha'  'NumHAcceptors'  'SMR_VSA_1'         'SMR_VSA_10'  'MQNs_26'  'MQNs_28']        dtype='object')
22,-0.7572367897640511,Index(['CHds'  'XHds'  'HBAs'  'HydP0'  'Hyd0'  'delta_g_sol_oct'  'nRotB'         'nSmallRings'  'WPATH'  'WTPT.4'  'khs.sCH3'  'khs.ssCH2'  'khs.sssCH'         'SC.3'  'ATSp1'  'HallKierAlpha'  'NumHAcceptors'  'SMR_VSA_1'         'SMR_VSA_10'  'MQNs_26'  'MQNs_28'  'MQNs_31']        dtype='object')
23,-0.7569770445999318,Index(['CHds'  'XHds'  'HBAs'  'HydP0'  'Hyd0'  'delta_g_sol_oct'  'nRotB'         'nSmallRings'  'WPATH'  'WTPT.4'  'khs.sCH3'  'khs.ssCH2'  'khs.sssCH'         'SC.3'  'ATSp1'  'HallKierAlpha'  'NumHAcceptors'  'SMR_VSA_1'         'SMR_VSA_7'  'SMR_VSA_10'  'MQNs_26'  'MQNs_28'  'MQNs_31']        dtype='object')
24,-0.7575064918920645,Index(['CHds'  'XHds'  'HBAs'  'HydP0'  'Hyd0'  'delta_g_sol_oct'  'nRotB'         'nSmallRings'  'WPATH'  'WTPT.4'  'khs.sCH3'  'khs.ssCH2'  'khs.sssCH'         'SC.3'  'ATSp1'  'HallKierAlpha'  'NumHAcceptors'  'SMR_VSA_1'         'SMR_VSA_7'  'SMR_VSA_10'  'MQNs_13'  'MQNs_26'  'MQNs_28'  'MQNs_31']        dtype='object')
25,-0.7578438699186522,Index(['CHds'  'XHds'  'HBAs'  'HydP0'  'Hyd0'  'delta_g_sol_oct'  'nRotB'         'nSmallRings'  'WPATH'  'WTPT.4'  'khs.sCH3'  'khs.ssCH2'  'khs.sssCH'         'SC.3'  'ATSp1'  'HallKierAlpha'  'NumHAcceptors'  'SMR_VSA_1'         'SMR_VSA_5'  'SMR_VSA_7'  'SMR_VSA_10'  'MQNs_13'  'MQNs_26'  'MQNs_28'         'MQNs_31']        dtype='object')
26,-0.756432547740064,Index(['CHds'  'XHds'  'HBAs'  'HydP0'  'Hyd0'  'delta_g_sol_oct'  'nRotB'         'nSmallRings'  'WPATH'  'WTPT.4'  'khs.sCH3'  'khs.ssCH2'  'khs.sssCH'         'SC.3'  'ATSp1'  'HallKierAlpha'  'NumHAcceptors'  'SMR_VSA_1'         'SMR_VSA_5'  'SMR_VSA_6'  'SMR_VSA_7'  'SMR_VSA_10'  'MQNs_13'         'MQNs_26'  'MQNs_28'  'MQNs_31']        dtype='object')
27,-0.7570063344437796,Index(['CHds'  'XHds'  'HBAs'  'HydP0'  'Hyd0'  'delta_g_sol_oct'  'nRotB'         'nAtom'  'nSmallRings'  'WPATH'  'WTPT.4'  'khs.sCH3'  'khs.ssCH2'         'khs.sssCH'  'SC.3'  'ATSp1'  'HallKierAlpha'  'NumHAcceptors'         'SMR_VSA_1'  'SMR_VSA_5'  'SMR_VSA_6'  'SMR_VSA_7'  'SMR_VSA_10'         'MQNs_13'  'MQNs_26'  'MQNs_28'  'MQNs_31']        dtype='object')
28,-0.7571029074368248,Index(['CHds'  'XHds'  'HBAs'  'HydP0'  'Hyd0'  'delta_g_sol_oct'  'nRotB'         'nAtom'  'nSmallRings'  'WPATH'  'WTPT.4'  'khs.sCH3'  'khs.ssCH2'         'khs.sssCH'  'SC.3'  'ATSp1'  'HallKierAlpha'  'NumHAcceptors'         'SMR_VSA_1'  'SMR_VSA_4'  'SMR_VSA_5'  'SMR_VSA_6'  'SMR_VSA_7'         'SMR_VSA_10'  'MQNs_13'  'MQNs_26'  'MQNs_28'  'MQNs_31']        dtype='object')
29,-0.7466345012435218,Index(['CHds'  'XHds'  'HBAs'  'HydP0'  'Hyd0'  'delta_g_sol_oct'  'nRotB'         'nAtom'  'nSmallRings'  'WPATH'  'WTPT.4'  'khs.sCH3'  'khs.ssCH2'         'khs.sssCH'  'SC.3'  'ATSp1'  'HallKierAlpha'  'NumHAcceptors'         'SMR_VSA_1'  'SMR_VSA_4'  'SMR_VSA_5'  'SMR_VSA_6'  'SMR_VSA_7'         'SMR_VSA_9'  'SMR_VSA_10'  'MQNs_13'  'MQNs_26'  'MQNs_28'  'MQNs_31']        dtype='object')
30,-0.746340384520494,Index(['CHds'  'XHds'  'HBAs'  'HydP0'  'Hyd0'  'delta_g_sol_oct'  'nRotB'         'nAtom'  'nSmallRings'  'WPATH'  'WTPT.4'  'khs.sCH3'  'khs.ssCH2'         'khs.sssCH'  'SC.3'  'ATSp1'  'nHBDon'  'HallKierAlpha'         'NumHAcceptors'  'SMR_VSA_1'  'SMR_VSA_4'  'SMR_VSA_5'  'SMR_VSA_6'         'SMR_VSA_7'  'SMR_VSA_9'  'SMR_VSA_10'  'MQNs_13'  'MQNs_26'  'MQNs_28'         'MQNs_31']        dtype='object')
31,-0.7444530430520132,Index(['CHds'  'XHds'  'HBAs'  'HydP0'  'Hyd0'  'delta_g_sol_oct'  'nRotB'         'nAtom'  'nSmallRings'  'WPATH'  'WTPT.4'  'khs.sCH3'  'khs.ssCH2'         'khs.sssCH'  'SC.3'  'ATSp1'  'nHBDon'  'HallKierAlpha'         'NumHAcceptors'  'SMR_VSA_1'  'SMR_VSA_4'  'SMR_VSA_5'  'SMR_VSA_6'         'SMR_VSA_7'  'SMR_VSA_9'  'SMR_VSA_10'  'MQNs_13'  'MQNs_26'  'MQNs_28'         'MQNs_31'  'MP']        dtype='object')
32,-0.7439446691414564,Index(['CHds'  'XHds'  'HBAs'  'HydP0'  'Hyd0'  'delta_g_sol_oct'  'nRotB'         'nAtom'  'nSmallRings'  'WPATH'  'WTPT.4'  'khs.sCH3'  'khs.ssCH2'         'khs.sssCH'  'SC.3'  'SC.5'  'ATSp1'  'nHBDon'  'HallKierAlpha'         'NumHAcceptors'  'SMR_VSA_1'  'SMR_VSA_4'  'SMR_VSA_5'  'SMR_VSA_6'         'SMR_VSA_7'  'SMR_VSA_9'  'SMR_VSA_10'  'MQNs_13'  'MQNs_26'  'MQNs_28'         'MQNs_31'  'MP']        dtype='object')
33,-0.7446334757244809,Index(['CHds'  'XHds'  'HBAs'  'HydP0'  'Hyd0'  'delta_g_sol_oct'  'nRotB'         'nAtom'  'nSmallRings'  'WPATH'  'WTPT.4'  'khs.sCH3'  'khs.ssCH2'         'khs.sssCH'  'SPC.4'  'SC.3'  'SC.5'  'ATSp1'  'nHBDon'         'HallKierAlpha'  'NumHAcceptors'  'SMR_VSA_1'  'SMR_VSA_4'  'SMR_VSA_5'         'SMR_VSA_6'  'SMR_VSA_7'  'SMR_VSA_9'  'SMR_VSA_10'  'MQNs_13'         'MQNs_26'  'MQNs_28'  'MQNs_31'  'MP']        dtype='object')
34,-0.744613461557807,Index(['CHds'  'XHds'  'HBAs'  'HydP0'  'Hyd0'  'delta_g_sol_oct'  'nRotB'         'nAtom'  'nSmallRings'  'WPATH'  'WTPT.4'  'khs.sCH3'  'khs.ssCH2'         'khs.sssCH'  'Kier2'  'SPC.4'  'SC.3'  'SC.5'  'ATSp1'  'nHBDon'         'HallKierAlpha'  'NumHAcceptors'  'SMR_VSA_1'  'SMR_VSA_4'  'SMR_VSA_5'         'SMR_VSA_6'  'SMR_VSA_7'  'SMR_VSA_9'  'SMR_VSA_10'  'MQNs_13'         'MQNs_26'  'MQNs_28'  'MQNs_31'  'MP']        dtype='object')
35,-0.7446665633996341,Index(['CHds'  'XHds'  'HBAs'  'HydA0'  'HydP0'  'Hyd0'  'delta_g_sol_oct'         'nRotB'  'nAtom'  'nSmallRings'  'WPATH'  'WTPT.4'  'khs.sCH3'         'khs.ssCH2'  'khs.sssCH'  'Kier2'  'SPC.4'  'SC.3'  'SC.5'  'ATSp1'         'nHBDon'  'HallKierAlpha'  'NumHAcceptors'  'SMR_VSA_1'  'SMR_VSA_4'         'SMR_VSA_5'  'SMR_VSA_6'  'SMR_VSA_7'  'SMR_VSA_9'  'SMR_VSA_10'         'MQNs_13'  'MQNs_26'  'MQNs_28'  'MQNs_31'  'MP']        dtype='object')
36,-0.7407676110846372,Index(['CHds'  'XHds'  'HBAs'  'HydA0'  'HydP0'  'Hyd0'  'delta_g_sol_oct'         'nRotB'  'nAtom'  'nSmallRings'  'WPATH'  'WTPT.4'  'khs.sCH3'         'khs.ssCH2'  'khs.sssCH'  'Kier2'  'SPC.4'  'SC.3'  'SC.5'  'ATSp1'         'nHBDon'  'HallKierAlpha'  'NumHAcceptors'  'SMR_VSA_1'  'SMR_VSA_3'         'SMR_VSA_4'  'SMR_VSA_5'  'SMR_VSA_6'  'SMR_VSA_7'  'SMR_VSA_9'         'SMR_VSA_10'  'MQNs_13'  'MQNs_26'  'MQNs_28'  'MQNs_31'  'MP']        dtype='object')
37,-0.7382585579415009,Index(['CHds'  'XHds'  'HBAs'  'HydA0'  'HydP0'  'Hyd0'  'delta_g_sol_oct'         'nRotB'  'nAtom'  'nSmallRings'  'nAromBlocks'  'WPATH'  'WTPT.4'         'khs.sCH3'  'khs.ssCH2'  'khs.sssCH'  'Kier2'  'SPC.4'  'SC.3'  'SC.5'         'ATSp1'  'nHBDon'  'HallKierAlpha'  'NumHAcceptors'  'SMR_VSA_1'         'SMR_VSA_3'  'SMR_VSA_4'  'SMR_VSA_5'  'SMR_VSA_6'  'SMR_VSA_7'         'SMR_VSA_9'  'SMR_VSA_10'  'MQNs_13'  'MQNs_26'  'MQNs_28'  'MQNs_31'         'MP']        dtype='object')
38,-0.7374844076007461,Index(['CHds'  'XHds'  'HBAs'  'HydA0'  'HydP0'  'Hyd0'  'delta_g_sol_oct'         'nRotB'  'nAtom'  'nSmallRings'  'nAromBlocks'  'WPATH'  'WTPT.4'         'khs.sCH3'  'khs.ssCH2'  'khs.sssCH'  'Kier2'  'SPC.4'  'SC.3'  'SC.5'         'ATSp1'  'nHBDon'  'HallKierAlpha'  'NumHAcceptors'  'SMR_VSA_1'         'SMR_VSA_3'  'SMR_VSA_4'  'SMR_VSA_5'  'SMR_VSA_6'  'SMR_VSA_7'         'SMR_VSA_9'  'SMR_VSA_10'  'SlogP_VSA_6'  'MQNs_13'  'MQNs_26'         'MQNs_28'  'MQNs_31'  'MP']        dtype='object')
39,-0.7339080305219637,Index(['CHds'  'XHds'  'HBAs'  'HydA0'  'HydP0'  'Hyd0'  'delta_g_sol_oct'         'nRotB'  'nAtom'  'nSmallRings'  'nAromBlocks'  'WPATH'  'WTPT.4'         'khs.sCH3'  'khs.ssCH2'  'khs.sssCH'  'khs.aasC'  'Kier2'  'SPC.4'         'SC.3'  'SC.5'  'ATSp1'  'nHBDon'  'HallKierAlpha'  'NumHAcceptors'         'SMR_VSA_1'  'SMR_VSA_3'  'SMR_VSA_4'  'SMR_VSA_5'  'SMR_VSA_6'         'SMR_VSA_7'  'SMR_VSA_9'  'SMR_VSA_10'  'SlogP_VSA_6'  'MQNs_13'         'MQNs_26'  'MQNs_28'  'MQNs_31'  'MP']        dtype='object')
40,-0.7333187733870055,Index(['CHds'  'XHds'  'HBAs'  'HydA0'  'HydP0'  'Hyd0'  'delta_g_sol_oct'         'nRotB'  'nAtom'  'nSmallRings'  'nAromBlocks'  'WPATH'  'WTPT.4'         'khs.sCH3'  'khs.ssCH2'  'khs.sssCH'  'khs.aasC'  'Kier2'  'SPC.4'         'SC.3'  'SC.5'  'ATSp1'  'nHBDon'  'HallKierAlpha'  'NumHAcceptors'         'NumAliphaticRings'  'SMR_VSA_1'  'SMR_VSA_3'  'SMR_VSA_4'  'SMR_VSA_5'         'SMR_VSA_6'  'SMR_VSA_7'  'SMR_VSA_9'  'SMR_VSA_10'  'SlogP_VSA_6'         'MQNs_13'  'MQNs_26'  'MQNs_28'  'MQNs_31'  'MP']        dtype='object')
41,-0.7306915649937011,Index(['CHds'  'XHds'  'HBAs'  'HydA0'  'HydP0'  'Hyd0'  'delta_g_sol_oct'         'nRotB'  'nAtom'  'nSmallRings'  'nAromBlocks'  'WPATH'  'WTPT.4'         'khs.sCH3'  'khs.ssCH2'  'khs.sssCH'  'khs.aasC'  'Kier2'  'SPC.4'         'SC.3'  'SC.5'  'ATSp1'  'nHBDon'  'HallKierAlpha'  'NumHAcceptors'         'NumAliphaticRings'  'PEOE_VSA_1'  'SMR_VSA_1'  'SMR_VSA_3'         'SMR_VSA_4'  'SMR_VSA_5'  'SMR_VSA_6'  'SMR_VSA_7'  'SMR_VSA_9'         'SMR_VSA_10'  'SlogP_VSA_6'  'MQNs_13'  'MQNs_26'  'MQNs_28'  'MQNs_31'         'MP']        dtype='object')
42,-0.7288970927968756,Index(['CHds'  'XHds'  'HBAs'  'HydA0'  'HydP0'  'Hyd0'  'delta_g_sol_oct'         'nRotB'  'nAtom'  'nSmallRings'  'nAromBlocks'  'WPATH'  'WTPT.4'         'khs.sCH3'  'khs.ssCH2'  'khs.sssCH'  'khs.aasC'  'Kier2'  'SPC.4'         'SC.3'  'SC.5'  'VCH.7'  'ATSp1'  'nHBDon'  'HallKierAlpha'         'NumHAcceptors'  'NumAliphaticRings'  'PEOE_VSA_1'  'SMR_VSA_1'         'SMR_VSA_3'  'SMR_VSA_4'  'SMR_VSA_5'  'SMR_VSA_6'  'SMR_VSA_7'         'SMR_VSA_9'  'SMR_VSA_10'  'SlogP_VSA_6'  'MQNs_13'  'MQNs_26'         'MQNs_28'  'MQNs_31'  'MP']        dtype='object')
43,-0.7286823748940828,Index(['CHds'  'XHds'  'HBAs'  'HydA0'  'HydP0'  'Hyd0'  'delta_g_sol_oct'         'nRotB'  'nAtom'  'nSmallRings'  'nAromBlocks'  'WPATH'  'WTPT.4'         'khs.sCH3'  'khs.ssCH2'  'khs.sssCH'  'khs.aasC'  'Kier2'  'SPC.4'         'SC.3'  'SC.5'  'VCH.6'  'VCH.7'  'ATSp1'  'nHBDon'  'HallKierAlpha'         'NumHAcceptors'  'NumAliphaticRings'  'PEOE_VSA_1'  'SMR_VSA_1'         'SMR_VSA_3'  'SMR_VSA_4'  'SMR_VSA_5'  'SMR_VSA_6'  'SMR_VSA_7'         'SMR_VSA_9'  'SMR_VSA_10'  'SlogP_VSA_6'  'MQNs_13'  'MQNs_26'         'MQNs_28'  'MQNs_31'  'MP']        dtype='object')
44,-0.7279870727844109,Index(['CHds'  'XHds'  'HBAs'  'HydA0'  'HydP0'  'Hyd0'  'delta_g_sol_oct'         'nRotB'  'nAtom'  'nSmallRings'  'nAromBlocks'  'WPATH'  'WTPT.4'         'khs.sCH3'  'khs.ssCH2'  'khs.sssCH'  'khs.aasC'  'Kier2'  'SPC.4'         'SC.3'  'SC.5'  'VC.5'  'VCH.6'  'VCH.7'  'ATSp1'  'nHBDon'         'HallKierAlpha'  'NumHAcceptors'  'NumAliphaticRings'  'PEOE_VSA_1'         'SMR_VSA_1'  'SMR_VSA_3'  'SMR_VSA_4'  'SMR_VSA_5'  'SMR_VSA_6'         'SMR_VSA_7'  'SMR_VSA_9'  'SMR_VSA_10'  'SlogP_VSA_6'  'MQNs_13'         'MQNs_26'  'MQNs_28'  'MQNs_31'  'MP']        dtype='object')
45,-0.7196793363420826,Index(['CHds'  'XHds'  'HBAs'  'HydA0'  'HydP0'  'Hyd0'  'delta_g_sol_oct'         'nRotB'  'nAtom'  'nSmallRings'  'nAromBlocks'  'WPATH'  'WTPT.4'         'khs.sCH3'  'khs.ssCH2'  'khs.sssCH'  'khs.aasC'  'Kier2'  'SPC.4'         'SC.3'  'SC.5'  'VC.5'  'VCH.6'  'VCH.7'  'ATSp1'  'nHBDon'         'HallKierAlpha'  'NumHAcceptors'  'NumAliphaticRings'  'PEOE_VSA_1'         'PEOE_VSA_6'  'SMR_VSA_1'  'SMR_VSA_3'  'SMR_VSA_4'  'SMR_VSA_5'         'SMR_VSA_6'  'SMR_VSA_7'  'SMR_VSA_9'  'SMR_VSA_10'  'SlogP_VSA_6'         'MQNs_13'  'MQNs_26'  'MQNs_28'  'MQNs_31'  'MP']        dtype='object')
46,-0.7105138147905846,Index(['CHds'  'XHds'  'HBAs'  'HydA0'  'HydP0'  'Hyd0'  'delta_g_sol_oct'         'nRotB'  'nAtom'  'nSmallRings'  'nAromBlocks'  'WPATH'  'WTPT.4'         'khs.sCH3'  'khs.ssCH2'  'khs.sssCH'  'khs.aasC'  'Kier2'  'SPC.4'         'SC.3'  'SC.5'  'VC.5'  'VCH.6'  'VCH.7'  'ATSp1'  'nHBDon'         'HallKierAlpha'  'NumHAcceptors'  'NumAliphaticRings'  'PEOE_VSA_1'         'PEOE_VSA_6'  'PEOE_VSA_7'  'SMR_VSA_1'  'SMR_VSA_3'  'SMR_VSA_4'         'SMR_VSA_5'  'SMR_VSA_6'  'SMR_VSA_7'  'SMR_VSA_9'  'SMR_VSA_10'         'SlogP_VSA_6'  'MQNs_13'  'MQNs_26'  'MQNs_28'  'MQNs_31'  'MP']        dtype='object')
47,-0.7099072403932171,Index(['CHds'  'XHds'  'HBAs'  'HydA0'  'HydP0'  'Hyd0'  'delta_g_sol_oct'         'nRotB'  'nAtom'  'nSmallRings'  'nAromBlocks'  'WPATH'  'WTPT.4'         'khs.sCH3'  'khs.ssCH2'  'khs.sssCH'  'khs.aasC'  'Kier2'  'SPC.4'         'SC.3'  'SC.5'  'VC.5'  'VCH.6'  'VCH.7'  'ATSp1'  'nHBDon'         'HallKierAlpha'  'NumHAcceptors'  'NumAliphaticRings'  'PEOE_VSA_1'         'PEOE_VSA_6'  'PEOE_VSA_7'  'SMR_VSA_1'  'SMR_VSA_3'  'SMR_VSA_4'         'SMR_VSA_5'  'SMR_VSA_6'  'SMR_VSA_7'  'SMR_VSA_9'  'SMR_VSA_10'         'SlogP_VSA_6'  'MQNs_13'  'MQNs_26'  'MQNs_28'  'MQNs_31'  'HBA1'         'MP']        dtype='object')
48,-0.7095289339648577,Index(['CHds'  'XHds'  'HBAs'  'HydA0'  'HydP0'  'Hyd0'  'delta_g_sol_oct'         'nRotB'  'nAtom'  'nSmallRings'  'nAromBlocks'  'WPATH'  'WTPT.4'         'khs.sCH3'  'khs.ssCH2'  'khs.sssCH'  'khs.aasC'  'Kier2'  'SPC.4'         'SC.3'  'SC.5'  'VC.5'  'VCH.6'  'VCH.7'  'ATSp1'  'ATSc1'  'nHBDon'         'HallKierAlpha'  'NumHAcceptors'  'NumAliphaticRings'  'PEOE_VSA_1'         'PEOE_VSA_6'  'PEOE_VSA_7'  'SMR_VSA_1'  'SMR_VSA_3'  'SMR_VSA_4'         'SMR_VSA_5'  'SMR_VSA_6'  'SMR_VSA_7'  'SMR_VSA_9'  'SMR_VSA_10'         'SlogP_VSA_6'  'MQNs_13'  'MQNs_26'  'MQNs_28'  'MQNs_31'  'HBA1'         'MP']        dtype='object')
49,-0.7081280738915693,Index(['CHds'  'XHds'  'HBAs'  'HydA0'  'HydP0'  'Hyd0'  'delta_g_sol_oct'         'nRotB'  'nAtom'  'nSmallRings'  'nAromBlocks'  'WPATH'  'WTPT.4'         'khs.sCH3'  'khs.ssCH2'  'khs.sssCH'  'khs.aasC'  'khs.ssO'  'Kier2'         'SPC.4'  'SC.3'  'SC.5'  'VC.5'  'VCH.6'  'VCH.7'  'ATSp1'  'ATSc1'         'nHBDon'  'HallKierAlpha'  'NumHAcceptors'  'NumAliphaticRings'         'PEOE_VSA_1'  'PEOE_VSA_6'  'PEOE_VSA_7'  'SMR_VSA_1'  'SMR_VSA_3'         'SMR_VSA_4'  'SMR_VSA_5'  'SMR_VSA_6'  'SMR_VSA_7'  'SMR_VSA_9'         'SMR_VSA_10'  'SlogP_VSA_6'  'MQNs_13'  'MQNs_26'  'MQNs_28'  'MQNs_31'         'HBA1'  'MP']        dtype='object')
50,-0.7076591298745974,Index(['CHds'  'XHds'  'HBAs'  'HydA0'  'HydP0'  'Hyd0'  'delta_g_sol_oct'         'nRotB'  'nAtom'  'nSmallRings'  'nAromBlocks'  'WPATH'  'WTPT.4'         'khs.sCH3'  'khs.ssCH2'  'khs.sssCH'  'khs.aasC'  'khs.ssO'  'Kier2'         'SPC.4'  'SC.3'  'SC.5'  'VC.5'  'VCH.6'  'VCH.7'  'ATSp1'  'ATSc1'         'nHBDon'  'HallKierAlpha'  'NumHAcceptors'  'NumAliphaticRings'         'PEOE_VSA_1'  'PEOE_VSA_6'  'PEOE_VSA_7'  'SMR_VSA_1'  'SMR_VSA_3'         'SMR_VSA_4'  'SMR_VSA_5'  'SMR_VSA_6'  'SMR_VSA_7'  'SMR_VSA_9'         'SMR_VSA_10'  'SlogP_VSA_6'  'MQNs_13'  'MQNs_26'  'MQNs_28'  'MQNs_31'         'MQNs_41'  'HBA1'  'MP']        dtype='object')
51,-0.707499586753662,Index(['CHds'  'XHds'  'HBAs'  'HydA0'  'HydP0'  'Hyd0'  'delta_g_sol_oct'         'nRotB'  'nAtom'  'nSmallRings'  'nAromBlocks'  'WPATH'  'WTPT.4'         'khs.sCH3'  'khs.ssCH2'  'khs.sssCH'  'khs.aasC'  'khs.ssO'  'Kier2'         'SPC.4'  'SC.3'  'SC.5'  'VC.5'  'VCH.6'  'VCH.7'  'ATSp1'  'ATSc1'         'nHBDon'  'HallKierAlpha'  'NumHAcceptors'  'NumAliphaticRings'         'PEOE_VSA_1'  'PEOE_VSA_6'  'PEOE_VSA_7'  'SMR_VSA_1'  'SMR_VSA_3'         'SMR_VSA_4'  'SMR_VSA_5'  'SMR_VSA_6'  'SMR_VSA_7'  'SMR_VSA_9'         'SMR_VSA_10'  'SlogP_VSA_6'  'MQNs_13'  'MQNs_26'  'MQNs_28'  'MQNs_31'         'MQNs_41'  'MQNs_42'  'HBA1'  'MP']        dtype='object')
52,-0.7074886469985369,Index(['CHds'  'XHds'  'HBAs'  'HydA0'  'HydP0'  'Hyd0'  'delta_g_sol_oct'         'nRotB'  'nAtom'  'nSmallRings'  'nAromBlocks'  'WPATH'  'WTPT.4'         'khs.sCH3'  'khs.ssCH2'  'khs.aaCH'  'khs.sssCH'  'khs.aasC'  'khs.ssO'         'Kier2'  'SPC.4'  'SC.3'  'SC.5'  'VC.5'  'VCH.6'  'VCH.7'  'ATSp1'         'ATSc1'  'nHBDon'  'HallKierAlpha'  'NumHAcceptors'         'NumAliphaticRings'  'PEOE_VSA_1'  'PEOE_VSA_6'  'PEOE_VSA_7'         'SMR_VSA_1'  'SMR_VSA_3'  'SMR_VSA_4'  'SMR_VSA_5'  'SMR_VSA_6'         'SMR_VSA_7'  'SMR_VSA_9'  'SMR_VSA_10'  'SlogP_VSA_6'  'MQNs_13'         'MQNs_26'  'MQNs_28'  'MQNs_31'  'MQNs_41'  'MQNs_42'  'HBA1'  'MP']        dtype='object')
53,-0.707435784016744,Index(['CHds'  'XHds'  'HBAs'  'HydA0'  'HydP0'  'Hyd0'  'delta_g_sol_oct'         'nRotB'  'nAtom'  'nSmallRings'  'nAromBlocks'  'WPATH'  'WTPT.4'         'khs.sCH3'  'khs.ssCH2'  'khs.aaCH'  'khs.sssCH'  'khs.aasC'  'khs.ssO'         'Kier2'  'SPC.4'  'SC.3'  'SC.5'  'VC.5'  'VCH.6'  'VCH.7'  'ATSp1'         'ATSc1'  'ATSc2'  'nHBDon'  'HallKierAlpha'  'NumHAcceptors'         'NumAliphaticRings'  'PEOE_VSA_1'  'PEOE_VSA_6'  'PEOE_VSA_7'         'SMR_VSA_1'  'SMR_VSA_3'  'SMR_VSA_4'  'SMR_VSA_5'  'SMR_VSA_6'         'SMR_VSA_7'  'SMR_VSA_9'  'SMR_VSA_10'  'SlogP_VSA_6'  'MQNs_13'         'MQNs_26'  'MQNs_28'  'MQNs_31'  'MQNs_41'  'MQNs_42'  'HBA1'  'MP']        dtype='object')
54,-0.7077291150442104,Index(['CHds'  'XHds'  'HBAs'  'HydA0'  'HydP0'  'Hyd0'  'delta_g_sol_oct'         'nRotB'  'nAtom'  'nSmallRings'  'nAromBlocks'  'WPATH'  'WTPT.4'         'khs.sCH3'  'khs.ssCH2'  'khs.aaCH'  'khs.sssCH'  'khs.aasC'  'khs.ssO'         'Kier2'  'SPC.4'  'SC.3'  'SC.5'  'VC.5'  'VCH.6'  'VCH.7'  'ATSp1'         'ATSc1'  'ATSc2'  'nHBDon'  'HallKierAlpha'  'NumHAcceptors'         'NumAliphaticRings'  'NumSaturatedRings'  'PEOE_VSA_1'  'PEOE_VSA_6'         'PEOE_VSA_7'  'SMR_VSA_1'  'SMR_VSA_3'  'SMR_VSA_4'  'SMR_VSA_5'         'SMR_VSA_6'  'SMR_VSA_7'  'SMR_VSA_9'  'SMR_VSA_10'  'SlogP_VSA_6'         'MQNs_13'  'MQNs_26'  'MQNs_28'  'MQNs_31'  'MQNs_41'  'MQNs_42'         'HBA1'  'MP']        dtype='object')
55,-0.7078015514733276,Index(['CHds'  'XHds'  'HBAs'  'HydA0'  'HydP0'  'Hyd0'  'delta_g_sol_oct'         'nRotB'  'nAtom'  'nSmallRings'  'nAromBlocks'  'WPATH'  'WTPT.4'         'khs.sCH3'  'khs.ssCH2'  'khs.aaCH'  'khs.sssCH'  'khs.aasC'  'khs.ssO'         'Kier2'  'SPC.4'  'SC.3'  'SC.5'  'VC.5'  'VCH.6'  'VCH.7'  'ATSp1'         'ATSc1'  'ATSc2'  'nHBDon'  'HallKierAlpha'  'NumHAcceptors'         'NumAliphaticRings'  'NumSaturatedRings'  'PEOE_VSA_1'  'PEOE_VSA_6'         'PEOE_VSA_7'  'SMR_VSA_1'  'SMR_VSA_3'  'SMR_VSA_4'  'SMR_VSA_5'         'SMR_VSA_6'  'SMR_VSA_7'  'SMR_VSA_9'  'SMR_VSA_10'  'SlogP_VSA_6'         'MQNs_13'  'MQNs_26'  'MQNs_28'  'MQNs_31'  'MQNs_41'  'MQNs_42'         'HBA1'  'MP'  'sbonds']        dtype='object')
56,-0.7068162550002115,Index(['CHds'  'XHds'  'HBAs'  'HydA0'  'HydP0'  'Hyd0'  'delta_g_sol_oct'         'nRotB'  'nAtom'  'nSmallRings'  'nAromBlocks'  'WPATH'  'WTPT.4'         'khs.sCH3'  'khs.ssCH2'  'khs.aaCH'  'khs.sssCH'  'khs.aasC'  'khs.ssO'         'Kier2'  'SPC.4'  'SC.3'  'SC.5'  'VC.5'  'VCH.6'  'VCH.7'  'ATSp1'         'ATSc1'  'ATSc2'  'nHBDon'  'HallKierAlpha'  'NumHAcceptors'         'NumAliphaticRings'  'NumSaturatedRings'  'PEOE_VSA_1'  'PEOE_VSA_6'         'PEOE_VSA_7'  'SMR_VSA_1'  'SMR_VSA_3'  'SMR_VSA_4'  'SMR_VSA_5'         'SMR_VSA_6'  'SMR_VSA_7'  'SMR_VSA_9'  'SMR_VSA_10'  'SlogP_VSA_6'         'MQNs_9'  'MQNs_13'  'MQNs_26'  'MQNs_28'  'MQNs_31'  'MQNs_41'         'MQNs_42'  'HBA1'  'MP'  'sbonds']        dtype='object')
57,-0.7068395230612546,Index(['CHds'  'XHds'  'HBAs'  'HydA0'  'HydP0'  'Hyd0'  'delta_g_sol_oct'         'nRotB'  'nAtom'  'nAromBond'  'nSmallRings'  'nAromBlocks'  'WPATH'         'WTPT.4'  'khs.sCH3'  'khs.ssCH2'  'khs.aaCH'  'khs.sssCH'  'khs.aasC'         'khs.ssO'  'Kier2'  'SPC.4'  'SC.3'  'SC.5'  'VC.5'  'VCH.6'  'VCH.7'         'ATSp1'  'ATSc1'  'ATSc2'  'nHBDon'  'HallKierAlpha'  'NumHAcceptors'         'NumAliphaticRings'  'NumSaturatedRings'  'PEOE_VSA_1'  'PEOE_VSA_6'         'PEOE_VSA_7'  'SMR_VSA_1'  'SMR_VSA_3'  'SMR_VSA_4'  'SMR_VSA_5'         'SMR_VSA_6'  'SMR_VSA_7'  'SMR_VSA_9'  'SMR_VSA_10'  'SlogP_VSA_6'         'MQNs_9'  'MQNs_13'  'MQNs_26'  'MQNs_28'  'MQNs_31'  'MQNs_41'         'MQNs_42'  'HBA1'  'MP'  'sbonds']        dtype='object')
58,-0.7030453872361792,Index(['CHds'  'XHds'  'HBAs'  'HydA0'  'HydP0'  'Hyd0'  'delta_g_sol_oct'         'nRotB'  'nAtom'  'nAromBond'  'nSmallRings'  'nAromBlocks'  'WPATH'         'WTPT.4'  'khs.sCH3'  'khs.ssCH2'  'khs.aaCH'  'khs.sssCH'  'khs.aasC'         'khs.ssO'  'Kier2'  'SPC.4'  'SC.3'  'SC.5'  'VC.5'  'VCH.6'  'VCH.7'         'ATSp1'  'ATSc1'  'ATSc2'  'nHBDon'  'HallKierAlpha'  'NumHAcceptors'         'NumAliphaticRings'  'NumSaturatedRings'  'PEOE_VSA_1'  'PEOE_VSA_6'         'PEOE_VSA_7'  'SMR_VSA_1'  'SMR_VSA_3'  'SMR_VSA_4'  'SMR_VSA_5'         'SMR_VSA_6'  'SMR_VSA_7'  'SMR_VSA_9'  'SMR_VSA_10'  'SlogP_VSA_1'         'SlogP_VSA_6'  'MQNs_9'  'MQNs_13'  'MQNs_26'  'MQNs_28'  'MQNs_31'         'MQNs_41'  'MQNs_42'  'HBA1'  'MP'  'sbonds']        dtype='object')
59,-0.7035269097885924,Index(['CHds'  'XHds'  'HBAs'  'HydA0'  'HydP0'  'Hyd0'  'delta_g_sol_oct'         'nRotB'  'nAtom'  'nAromBond'  'nSmallRings'  'nAromBlocks'  'WPATH'         'WTPT.4'  'khs.sCH3'  'khs.ssCH2'  'khs.aaCH'  'khs.sssCH'  'khs.aasC'         'khs.ssO'  'Kier2'  'SPC.4'  'SC.3'  'SC.5'  'VC.5'  'VCH.6'  'VCH.7'         'ATSp1'  'ATSc1'  'ATSc2'  'nHBDon'  'HallKierAlpha'  'NumHAcceptors'         'NumAliphaticRings'  'NumSaturatedRings'  'PEOE_VSA_1'  'PEOE_VSA_6'         'PEOE_VSA_7'  'SMR_VSA_1'  'SMR_VSA_3'  'SMR_VSA_4'  'SMR_VSA_5'         'SMR_VSA_6'  'SMR_VSA_7'  'SMR_VSA_9'  'SMR_VSA_10'  'SlogP_VSA_1'         'SlogP_VSA_6'  'MQNs_9'  'MQNs_13'  'MQNs_16'  'MQNs_26'  'MQNs_28'         'MQNs_31'  'MQNs_41'  'MQNs_42'  'HBA1'  'MP'  'sbonds']        dtype='object')
60,-0.700251112416995,Index(['CHds'  'XHds'  'HBAs'  'HydA0'  'HydP0'  'Hyd0'  'delta_g_sol_oct'         'nRotB'  'nAtom'  'nAromBond'  'nSmallRings'  'nAromBlocks'  'WPATH'         'WTPT.4'  'khs.sCH3'  'khs.ssCH2'  'khs.aaCH'  'khs.sssCH'  'khs.aasC'         'khs.ssO'  'Kier2'  'SPC.4'  'SC.3'  'SC.5'  'VC.5'  'VCH.6'  'VCH.7'         'ATSp1'  'ATSc1'  'ATSc2'  'nHBDon'  'HallKierAlpha'  'NumHAcceptors'         'NumAliphaticRings'  'NumSaturatedRings'  'PEOE_VSA_1'  'PEOE_VSA_6'         'PEOE_VSA_7'  'SMR_VSA_1'  'SMR_VSA_3'  'SMR_VSA_4'  'SMR_VSA_5'         'SMR_VSA_6'  'SMR_VSA_7'  'SMR_VSA_9'  'SMR_VSA_10'  'SlogP_VSA_1'         'SlogP_VSA_3'  'SlogP_VSA_6'  'MQNs_9'  'MQNs_13'  'MQNs_16'  'MQNs_26'         'MQNs_28'  'MQNs_31'  'MQNs_41'  'MQNs_42'  'HBA1'  'MP'  'sbonds']        dtype='object')
61,-0.7002511189139774,Index(['CHds'  'XHds'  'HBAs'  'HydA0'  'HydP0'  'HydP'  'Hyd0'         'delta_g_sol_oct'  'nRotB'  'nAtom'  'nAromBond'  'nSmallRings'         'nAromBlocks'  'WPATH'  'WTPT.4'  'khs.sCH3'  'khs.ssCH2'  'khs.aaCH'         'khs.sssCH'  'khs.aasC'  'khs.ssO'  'Kier2'  'SPC.4'  'SC.3'  'SC.5'         'VC.5'  'VCH.6'  'VCH.7'  'ATSp1'  'ATSc1'  'ATSc2'  'nHBDon'         'HallKierAlpha'  'NumHAcceptors'  'NumAliphaticRings'         'NumSaturatedRings'  'PEOE_VSA_1'  'PEOE_VSA_6'  'PEOE_VSA_7'         'SMR_VSA_1'  'SMR_VSA_3'  'SMR_VSA_4'  'SMR_VSA_5'  'SMR_VSA_6'         'SMR_VSA_7'  'SMR_VSA_9'  'SMR_VSA_10'  'SlogP_VSA_1'  'SlogP_VSA_3'         'SlogP_VSA_6'  'MQNs_9'  'MQNs_13'  'MQNs_16'  'MQNs_26'  'MQNs_28'         'MQNs_31'  'MQNs_41'  'MQNs_42'  'HBA1'  'MP'  'sbonds']        dtype='object')
62,-0.7001795501022052,Index(['CHds'  'XHds'  'HBAs'  'HydA0'  'HydP0'  'HydP'  'Hyd0'         'delta_g_sol_oct'  'nRotB'  'nAtom'  'nAromBond'  'nSmallRings'         'nAromBlocks'  'WPATH'  'WTPT.4'  'khs.sCH3'  'khs.ssCH2'  'khs.aaCH'         'khs.sssCH'  'khs.aasC'  'khs.ssO'  'Kier2'  'SPC.4'  'SC.3'  'SC.5'         'VC.5'  'SCH.7'  'VCH.6'  'VCH.7'  'ATSp1'  'ATSc1'  'ATSc2'  'nHBDon'         'HallKierAlpha'  'NumHAcceptors'  'NumAliphaticRings'         'NumSaturatedRings'  'PEOE_VSA_1'  'PEOE_VSA_6'  'PEOE_VSA_7'         'SMR_VSA_1'  'SMR_VSA_3'  'SMR_VSA_4'  'SMR_VSA_5'  'SMR_VSA_6'         'SMR_VSA_7'  'SMR_VSA_9'  'SMR_VSA_10'  'SlogP_VSA_1'  'SlogP_VSA_3'         'SlogP_VSA_6'  'MQNs_9'  'MQNs_13'  'MQNs_16'  'MQNs_26'  'MQNs_28'         'MQNs_31'  'MQNs_41'  'MQNs_42'  'HBA1'  'MP'  'sbonds']        dtype='object')
63,-3456.300533198194,Index(['CHds'  'XHds'  'HBAs'  'HydA0'  'HydP0'  'HydP'  'Hyd0'         'delta_g_sol_oct'  'nRotB'  'nAtom'  'nAromBond'  'nSmallRings'         'nAromBlocks'  'WPATH'  'WTPT.4'  'khs.sCH3'  'khs.ssCH2'  'khs.aaCH'         'khs.sssCH'  'khs.aasC'  'khs.ssO'  'Kier2'  'ECCEN'  'SPC.4'  'SC.3'         'SC.5'  'VC.5'  'SCH.7'  'VCH.6'  'VCH.7'  'ATSp1'  'ATSc1'  'ATSc2'         'nHBDon'  'HallKierAlpha'  'NumHAcceptors'  'NumAliphaticRings'         'NumSaturatedRings'  'PEOE_VSA_1'  'PEOE_VSA_6'  'PEOE_VSA_7'         'SMR_VSA_1'  'SMR_VSA_3'  'SMR_VSA_4'  'SMR_VSA_5'  'SMR_VSA_6'         'SMR_VSA_7'  'SMR_VSA_9'  'SMR_VSA_10'  'SlogP_VSA_1'  'SlogP_VSA_3'         'SlogP_VSA_6'  'MQNs_9'  'MQNs_13'  'MQNs_16'  'MQNs_26'  'MQNs_28'         'MQNs_31'  'MQNs_41'  'MQNs_42'  'HBA1'  'MP'  'sbonds']        dtype='object')
64,-2204.639423379999,Index(['CHds'  'XHds'  'HBAs'  'HydA0'  'HydP0'  'HydP'  'Hyd0'         'delta_g_sol_oct'  'nRotB'  'nAtom'  'nAromBond'  'nSmallRings'         'nAromBlocks'  'WPATH'  'WTPT.4'  'khs.sCH3'  'khs.ssCH2'  'khs.aaCH'         'khs.sssCH'  'khs.aasC'  'khs.ssO'  'Kier2'  'ECCEN'  'SPC.4'  'SC.3'         'SC.5'  'VC.5'  'SCH.7'  'VCH.6'  'VCH.7'  'ATSp1'  'ATSc1'  'ATSc2'         'nHBDon'  'HallKierAlpha'  'NumHAcceptors'  'NumAliphaticRings'         'NumSaturatedRings'  'PEOE_VSA_1'  'PEOE_VSA_6'  'PEOE_VSA_7'         'SMR_VSA_1'  'SMR_VSA_3'  'SMR_VSA_4'  'SMR_VSA_5'  'SMR_VSA_6'         'SMR_VSA_7'  'SMR_VSA_9'  'SMR_VSA_10'  'SlogP_VSA_1'  'SlogP_VSA_3'         'SlogP_VSA_4'  'SlogP_VSA_6'  'MQNs_9'  'MQNs_13'  'MQNs_16'  'MQNs_26'         'MQNs_28'  'MQNs_31'  'MQNs_41'  'MQNs_42'  'HBA1'  'MP'  'sbonds']        dtype='object')
65,-2471.61942164024,Index(['CHds'  'XHds'  'HBAs'  'HydA0'  'HydP0'  'HydP'  'Hyd0'         'delta_g_sol_oct'  'nRotB'  'nAtom'  'nAromBond'  'nSmallRings'         'nAromBlocks'  'WPATH'  'WTPT.4'  'khs.sCH3'  'khs.ssCH2'  'khs.aaCH'         'khs.sssCH'  'khs.aasC'  'khs.ssO'  'Kier2'  'ECCEN'  'SPC.4'  'SC.3'         'SC.5'  'VC.5'  'SCH.7'  'VCH.6'  'VCH.7'  'ATSp1'  'ATSc1'  'ATSc2'         'nHBDon'  'HallKierAlpha'  'NumHAcceptors'  'NumAliphaticRings'         'NumSaturatedRings'  'PEOE_VSA_1'  'PEOE_VSA_6'  'PEOE_VSA_7'         'SMR_VSA_1'  'SMR_VSA_3'  'SMR_VSA_4'  'SMR_VSA_5'  'SMR_VSA_6'         'SMR_VSA_7'  'SMR_VSA_9'  'SMR_VSA_10'  'SlogP_VSA_1'  'SlogP_VSA_3'         'SlogP_VSA_4'  'SlogP_VSA_6'  'MQNs_8'  'MQNs_9'  'MQNs_13'  'MQNs_16'         'MQNs_26'  'MQNs_28'  'MQNs_31'  'MQNs_41'  'MQNs_42'  'HBA1'  'MP'         'sbonds']        dtype='object')
66,-1876.7614778429295,Index(['CHds'  'XHds'  'HBAs'  'HydA0'  'HydP0'  'HydP'  'Hyd0'         'delta_g_sol_oct'  'nRotB'  'nAtom'  'nAromBond'  'nSmallRings'         'nAromBlocks'  'WPATH'  'WTPT.4'  'khs.sCH3'  'khs.ssCH2'  'khs.aaCH'         'khs.sssCH'  'khs.aasC'  'khs.ssO'  'Kier2'  'ECCEN'  'SPC.4'  'SC.3'         'SC.5'  'VC.5'  'SCH.7'  'VCH.6'  'VCH.7'  'ATSp1'  'ATSc1'  'ATSc2'         'ATSc4'  'nHBDon'  'HallKierAlpha'  'NumHAcceptors'         'NumAliphaticRings'  'NumSaturatedRings'  'PEOE_VSA_1'  'PEOE_VSA_6'         'PEOE_VSA_7'  'SMR_VSA_1'  'SMR_VSA_3'  'SMR_VSA_4'  'SMR_VSA_5'         'SMR_VSA_6'  'SMR_VSA_7'  'SMR_VSA_9'  'SMR_VSA_10'  'SlogP_VSA_1'         'SlogP_VSA_3'  'SlogP_VSA_4'  'SlogP_VSA_6'  'MQNs_8'  'MQNs_9'         'MQNs_13'  'MQNs_16'  'MQNs_26'  'MQNs_28'  'MQNs_31'  'MQNs_41'         'MQNs_42'  'HBA1'  'MP'  'sbonds']        dtype='object')
67,-1792.817678780269,Index(['CHds'  'XHds'  'HBAs'  'HydA0'  'HydP0'  'HydP'  'Hyd0'         'delta_g_sol_oct'  'nRotB'  'nAtom'  'nAromBond'  'nSmallRings'         'nAromBlocks'  'WPATH'  'WTPT.4'  'khs.sCH3'  'khs.ssCH2'  'khs.aaCH'         'khs.sssCH'  'khs.aasC'  'khs.ssO'  'Kier2'  'ECCEN'  'SPC.4'  'SC.3'         'SC.5'  'VC.5'  'SCH.7'  'VCH.6'  'VCH.7'  'ATSp1'  'ATSc1'  'ATSc2'         'ATSc3'  'ATSc4'  'nHBDon'  'HallKierAlpha'  'NumHAcceptors'         'NumAliphaticRings'  'NumSaturatedRings'  'PEOE_VSA_1'  'PEOE_VSA_6'         'PEOE_VSA_7'  'SMR_VSA_1'  'SMR_VSA_3'  'SMR_VSA_4'  'SMR_VSA_5'         'SMR_VSA_6'  'SMR_VSA_7'  'SMR_VSA_9'  'SMR_VSA_10'  'SlogP_VSA_1'         'SlogP_VSA_3'  'SlogP_VSA_4'  'SlogP_VSA_6'  'MQNs_8'  'MQNs_9'         'MQNs_13'  'MQNs_16'  'MQNs_26'  'MQNs_28'  'MQNs_31'  'MQNs_41'         'MQNs_42'  'HBA1'  'MP'  'sbonds']        dtype='object')
68,-1724.2469872658235,Index(['CHds'  'XHds'  'HBAs'  'HydA0'  'HydP0'  'HydP'  'Hyd0'         'delta_g_sol_oct'  'nRotB'  'nAtom'  'nAromBond'  'nSmallRings'         'nAromBlocks'  'WPATH'  'WTPT.4'  'khs.sCH3'  'khs.ssCH2'  'khs.aaCH'         'khs.sssCH'  'khs.aasC'  'khs.ssO'  'Kier2'  'ECCEN'  'SPC.4'  'VPC.4'         'SC.3'  'SC.5'  'VC.5'  'SCH.7'  'VCH.6'  'VCH.7'  'ATSp1'  'ATSc1'         'ATSc2'  'ATSc3'  'ATSc4'  'nHBDon'  'HallKierAlpha'  'NumHAcceptors'         'NumAliphaticRings'  'NumSaturatedRings'  'PEOE_VSA_1'  'PEOE_VSA_6'         'PEOE_VSA_7'  'SMR_VSA_1'  'SMR_VSA_3'  'SMR_VSA_4'  'SMR_VSA_5'         'SMR_VSA_6'  'SMR_VSA_7'  'SMR_VSA_9'  'SMR_VSA_10'  'SlogP_VSA_1'         'SlogP_VSA_3'  'SlogP_VSA_4'  'SlogP_VSA_6'  'MQNs_8'  'MQNs_9'         'MQNs_13'  'MQNs_16'  'MQNs_26'  'MQNs_28'  'MQNs_31'  'MQNs_41'         'MQNs_42'  'HBA1'  'MP'  'sbonds']        dtype='object')
69,-2636.5501589135106,Index(['CHds'  'XHds'  'HBAs'  'HydA0'  'HydP0'  'HydP'  'Hyd0'         'delta_g_sol_oct'  'nRotB'  'nAtom'  'nAromBond'  'nSmallRings'         'nAromBlocks'  'WPATH'  'WTPT.4'  'MDEO.11'  'khs.sCH3'  'khs.ssCH2'         'khs.aaCH'  'khs.sssCH'  'khs.aasC'  'khs.ssO'  'Kier2'  'ECCEN'         'SPC.4'  'VPC.4'  'SC.3'  'SC.5'  'VC.5'  'SCH.7'  'VCH.6'  'VCH.7'         'ATSp1'  'ATSc1'  'ATSc2'  'ATSc3'  'ATSc4'  'nHBDon'  'HallKierAlpha'         'NumHAcceptors'  'NumAliphaticRings'  'NumSaturatedRings'  'PEOE_VSA_1'         'PEOE_VSA_6'  'PEOE_VSA_7'  'SMR_VSA_1'  'SMR_VSA_3'  'SMR_VSA_4'         'SMR_VSA_5'  'SMR_VSA_6'  'SMR_VSA_7'  'SMR_VSA_9'  'SMR_VSA_10'         'SlogP_VSA_1'  'SlogP_VSA_3'  'SlogP_VSA_4'  'SlogP_VSA_6'  'MQNs_8'         'MQNs_9'  'MQNs_13'  'MQNs_16'  'MQNs_26'  'MQNs_28'  'MQNs_31'         'MQNs_41'  'MQNs_42'  'HBA1'  'MP'  'sbonds']        dtype='object')
70,-2644.4708902970237,Index(['CHds'  'XHds'  'HBAs'  'HydA0'  'HydP0'  'HydP'  'Hyd0'         'delta_g_sol_oct'  'nRotB'  'nAtom'  'nAromBond'  'nSmallRings'         'nAromBlocks'  'WPATH'  'WTPT.4'  'MDEO.11'  'khs.sCH3'  'khs.ssCH2'         'khs.aaCH'  'khs.sssCH'  'khs.aasC'  'khs.ssO'  'Kier2'  'ECCEN'         'SPC.4'  'VPC.4'  'SC.3'  'SC.5'  'VC.5'  'SCH.7'  'VCH.6'  'VCH.7'         'ATSp1'  'ATSc1'  'ATSc2'  'ATSc3'  'ATSc4'  'ATSc5'  'nHBDon'         'HallKierAlpha'  'NumHAcceptors'  'NumAliphaticRings'         'NumSaturatedRings'  'PEOE_VSA_1'  'PEOE_VSA_6'  'PEOE_VSA_7'         'SMR_VSA_1'  'SMR_VSA_3'  'SMR_VSA_4'  'SMR_VSA_5'  'SMR_VSA_6'         'SMR_VSA_7'  'SMR_VSA_9'  'SMR_VSA_10'  'SlogP_VSA_1'  'SlogP_VSA_3'         'SlogP_VSA_4'  'SlogP_VSA_6'  'MQNs_8'  'MQNs_9'  'MQNs_13'  'MQNs_16'         'MQNs_26'  'MQNs_28'  'MQNs_31'  'MQNs_41'  'MQNs_42'  'HBA1'  'MP'         'sbonds']        dtype='object')
71,-2682.1874611688127,Index(['CHds'  'XHds'  'HBAs'  'HydA0'  'HydP0'  'HydP'  'Hyd0'         'delta_g_sol_oct'  'nRotB'  'nAtom'  'nAromBond'  'nSmallRings'         'nAromBlocks'  'WPATH'  'WTPT.4'  'MDEO.11'  'khs.sCH3'  'khs.ssCH2'         'khs.aaCH'  'khs.sssCH'  'khs.aasC'  'khs.ssO'  'Kier2'  'ECCEN'         'SPC.4'  'VPC.4'  'SC.3'  'SC.5'  'VC.5'  'SCH.7'  'VCH.6'  'VCH.7'         'ATSp1'  'ATSc1'  'ATSc2'  'ATSc3'  'ATSc4'  'ATSc5'  'nHBDon'         'HallKierAlpha'  'NumHAcceptors'  'NumAliphaticRings'         'NumSaturatedRings'  'PEOE_VSA_1'  'PEOE_VSA_6'  'PEOE_VSA_7'         'SMR_VSA_1'  'SMR_VSA_3'  'SMR_VSA_4'  'SMR_VSA_5'  'SMR_VSA_6'         'SMR_VSA_7'  'SMR_VSA_9'  'SMR_VSA_10'  'SlogP_VSA_1'  'SlogP_VSA_3'         'SlogP_VSA_4'  'SlogP_VSA_6'  'MQNs_8'  'MQNs_9'  'MQNs_10'  'MQNs_13'         'MQNs_16'  'MQNs_26'  'MQNs_28'  'MQNs_31'  'MQNs_41'  'MQNs_42'         'HBA1'  'MP'  'sbonds']        dtype='object')
72,-2849.686241830169,Index(['CHds'  'XHds'  'HBAs'  'HydA0'  'HydP0'  'HydP'  'Hyd0'         'delta_g_sol_oct'  'nRotB'  'nAtom'  'nAromBond'  'nSmallRings'         'nAromBlocks'  'nRings6'  'WPATH'  'WTPT.4'  'MDEO.11'  'khs.sCH3'         'khs.ssCH2'  'khs.aaCH'  'khs.sssCH'  'khs.aasC'  'khs.ssO'  'Kier2'         'ECCEN'  'SPC.4'  'VPC.4'  'SC.3'  'SC.5'  'VC.5'  'SCH.7'  'VCH.6'         'VCH.7'  'ATSp1'  'ATSc1'  'ATSc2'  'ATSc3'  'ATSc4'  'ATSc5'  'nHBDon'         'HallKierAlpha'  'NumHAcceptors'  'NumAliphaticRings'         'NumSaturatedRings'  'PEOE_VSA_1'  'PEOE_VSA_6'  'PEOE_VSA_7'         'SMR_VSA_1'  'SMR_VSA_3'  'SMR_VSA_4'  'SMR_VSA_5'  'SMR_VSA_6'         'SMR_VSA_7'  'SMR_VSA_9'  'SMR_VSA_10'  'SlogP_VSA_1'  'SlogP_VSA_3'         'SlogP_VSA_4'  'SlogP_VSA_6'  'MQNs_8'  'MQNs_9'  'MQNs_10'  'MQNs_13'         'MQNs_16'  'MQNs_26'  'MQNs_28'  'MQNs_31'  'MQNs_41'  'MQNs_42'         'HBA1'  'MP'  'sbonds']        dtype='object')
73,-2870.440266059653,Index(['CHds'  'XHds'  'HBAs'  'HydA0'  'HydP0'  'HydP'  'Hyd0'         'delta_g_sol_oct'  'nRotB'  'nAtom'  'nAromBond'  'nSmallRings'         'nAromBlocks'  'nRings5'  'nRings6'  'WPATH'  'WTPT.4'  'MDEO.11'         'khs.sCH3'  'khs.ssCH2'  'khs.aaCH'  'khs.sssCH'  'khs.aasC'  'khs.ssO'         'Kier2'  'ECCEN'  'SPC.4'  'VPC.4'  'SC.3'  'SC.5'  'VC.5'  'SCH.7'         'VCH.6'  'VCH.7'  'ATSp1'  'ATSc1'  'ATSc2'  'ATSc3'  'ATSc4'  'ATSc5'         'nHBDon'  'HallKierAlpha'  'NumHAcceptors'  'NumAliphaticRings'         'NumSaturatedRings'  'PEOE_VSA_1'  'PEOE_VSA_6'  'PEOE_VSA_7'         'SMR_VSA_1'  'SMR_VSA_3'  'SMR_VSA_4'  'SMR_VSA_5'  'SMR_VSA_6'         'SMR_VSA_7'  'SMR_VSA_9'  'SMR_VSA_10'  'SlogP_VSA_1'  'SlogP_VSA_3'         'SlogP_VSA_4'  'SlogP_VSA_6'  'MQNs_8'  'MQNs_9'  'MQNs_10'  'MQNs_13'         'MQNs_16'  'MQNs_26'  'MQNs_28'  'MQNs_31'  'MQNs_41'  'MQNs_42'         'HBA1'  'MP'  'sbonds']        dtype='object')
74,-3349.6199123125944,Index(['CHds'  'XHds'  'HBAs'  'HydA0'  'HydP0'  'HydP'  'Hyd0'         'delta_g_sol_oct'  'nRotB'  'nAtom'  'nAromBond'  'nSmallRings'         'nAromBlocks'  'nRings5'  'nRings6'  'WPATH'  'WTPT.4'  'MDEO.11'         'khs.sCH3'  'khs.ssCH2'  'khs.aaCH'  'khs.sssCH'  'khs.aasC'  'khs.ssO'         'Kier2'  'Kier3'  'ECCEN'  'SPC.4'  'VPC.4'  'SC.3'  'SC.5'  'VC.5'         'SCH.7'  'VCH.6'  'VCH.7'  'ATSp1'  'ATSc1'  'ATSc2'  'ATSc3'  'ATSc4'         'ATSc5'  'nHBDon'  'HallKierAlpha'  'NumHAcceptors'         'NumAliphaticRings'  'NumSaturatedRings'  'PEOE_VSA_1'  'PEOE_VSA_6'         'PEOE_VSA_7'  'SMR_VSA_1'  'SMR_VSA_3'  'SMR_VSA_4'  'SMR_VSA_5'         'SMR_VSA_6'  'SMR_VSA_7'  'SMR_VSA_9'  'SMR_VSA_10'  'SlogP_VSA_1'         'SlogP_VSA_3'  'SlogP_VSA_4'  'SlogP_VSA_6'  'MQNs_8'  'MQNs_9'         'MQNs_10'  'MQNs_13'  'MQNs_16'  'MQNs_26'  'MQNs_28'  'MQNs_31'         'MQNs_41'  'MQNs_42'  'HBA1'  'MP'  'sbonds']        dtype='object')
75,-3535.6466880082676,Index(['CHds'  'XHds'  'HBAs'  'HydA0'  'HydP0'  'HydP'  'Hyd0'         'delta_g_sol_oct'  'nRotB'  'nAtom'  'nAromBond'  'nSmallRings'         'nAromBlocks'  'nRings5'  'nRings6'  'WPATH'  'WTPT.4'  'MDEO.11'         'khs.sCH3'  'khs.ssCH2'  'khs.aaCH'  'khs.sssCH'  'khs.aasC'  'khs.ssO'         'Kier2'  'Kier3'  'ECCEN'  'SPC.4'  'VPC.4'  'SC.3'  'SC.5'  'VC.5'         'SCH.7'  'VCH.6'  'VCH.7'  'ATSp1'  'ATSc1'  'ATSc2'  'ATSc3'  'ATSc4'         'ATSc5'  'nHBDon'  'HallKierAlpha'  'NumHAcceptors'         'NumAliphaticRings'  'NumSaturatedRings'  'PEOE_VSA_1'  'PEOE_VSA_2'         'PEOE_VSA_6'  'PEOE_VSA_7'  'SMR_VSA_1'  'SMR_VSA_3'  'SMR_VSA_4'         'SMR_VSA_5'  'SMR_VSA_6'  'SMR_VSA_7'  'SMR_VSA_9'  'SMR_VSA_10'         'SlogP_VSA_1'  'SlogP_VSA_3'  'SlogP_VSA_4'  'SlogP_VSA_6'  'MQNs_8'         'MQNs_9'  'MQNs_10'  'MQNs_13'  'MQNs_16'  'MQNs_26'  'MQNs_28'         'MQNs_31'  'MQNs_41'  'MQNs_42'  'HBA1'  'MP'  'sbonds']        dtype='object')
76,-3818.7435351731774,Index(['CHds'  'XHds'  'HBAs'  'HydA0'  'HydP0'  'HydP'  'Hyd0'         'delta_g_sol_oct'  'nRotB'  'nAtom'  'nAromBond'  'nSmallRings'         'nAromBlocks'  'nRings5'  'nRings6'  'WPATH'  'WTPT.4'  'TopoPSA'         'MDEO.11'  'khs.sCH3'  'khs.ssCH2'  'khs.aaCH'  'khs.sssCH'  'khs.aasC'         'khs.ssO'  'Kier2'  'Kier3'  'ECCEN'  'SPC.4'  'VPC.4'  'SC.3'  'SC.5'         'VC.5'  'SCH.7'  'VCH.6'  'VCH.7'  'ATSp1'  'ATSc1'  'ATSc2'  'ATSc3'         'ATSc4'  'ATSc5'  'nHBDon'  'HallKierAlpha'  'NumHAcceptors'         'NumAliphaticRings'  'NumSaturatedRings'  'PEOE_VSA_1'  'PEOE_VSA_2'         'PEOE_VSA_6'  'PEOE_VSA_7'  'SMR_VSA_1'  'SMR_VSA_3'  'SMR_VSA_4'         'SMR_VSA_5'  'SMR_VSA_6'  'SMR_VSA_7'  'SMR_VSA_9'  'SMR_VSA_10'         'SlogP_VSA_1'  'SlogP_VSA_3'  'SlogP_VSA_4'  'SlogP_VSA_6'  'MQNs_8'         'MQNs_9'  'MQNs_10'  'MQNs_13'  'MQNs_16'  'MQNs_26'  'MQNs_28'         'MQNs_31'  'MQNs_41'  'MQNs_42'  'HBA1'  'MP'  'sbonds']        dtype='object')
77,-3818.7440196200782,Index(['CHds'  'XHds'  'HBAs'  'HydA0'  'HydP0'  'HydP'  'Hyd0'         'delta_g_sol_oct'  'nRotB'  'nAtom'  'nAromBond'  'nSmallRings'         'nAromBlocks'  'nRings5'  'nRings6'  'WPATH'  'WTPT.4'  'TopoPSA'         'MDEO.11'  'khs.sCH3'  'khs.ssCH2'  'khs.aaCH'  'khs.sssCH'  'khs.aasC'         'khs.ssO'  'Kier2'  'Kier3'  'ECCEN'  'SPC.4'  'VPC.4'  'SC.3'  'SC.5'         'VC.5'  'SCH.7'  'VCH.6'  'VCH.7'  'ATSp1'  'ATSc1'  'ATSc2'  'ATSc3'         'ATSc4'  'ATSc5'  'nHBDon'  'HallKierAlpha'  'MolLogP'  'NumHAcceptors'         'NumAliphaticRings'  'NumSaturatedRings'  'PEOE_VSA_1'  'PEOE_VSA_2'         'PEOE_VSA_6'  'PEOE_VSA_7'  'SMR_VSA_1'  'SMR_VSA_3'  'SMR_VSA_4'         'SMR_VSA_5'  'SMR_VSA_6'  'SMR_VSA_7'  'SMR_VSA_9'  'SMR_VSA_10'         'SlogP_VSA_1'  'SlogP_VSA_3'  'SlogP_VSA_4'  'SlogP_VSA_6'  'MQNs_8'         'MQNs_9'  'MQNs_10'  'MQNs_13'  'MQNs_16'  'MQNs_26'  'MQNs_28'         'MQNs_31'  'MQNs_41'  'MQNs_42'  'HBA1'  'MP'  'sbonds']        dtype='object')
78,-4125.742245892094,Index(['CHds'  'XHds'  'HBAs'  'HydA0'  'HydP0'  'HydP'  'Hyd0'         'delta_g_sol_oct'  'Fsp3'  'nRotB'  'nAtom'  'nAromBond'  'nSmallRings'         'nAromBlocks'  'nRings5'  'nRings6'  'WPATH'  'WTPT.4'  'TopoPSA'         'MDEO.11'  'khs.sCH3'  'khs.ssCH2'  'khs.aaCH'  'khs.sssCH'  'khs.aasC'         'khs.ssO'  'Kier2'  'Kier3'  'ECCEN'  'SPC.4'  'VPC.4'  'SC.3'  'SC.5'         'VC.5'  'SCH.7'  'VCH.6'  'VCH.7'  'ATSp1'  'ATSc1'  'ATSc2'  'ATSc3'         'ATSc4'  'ATSc5'  'nHBDon'  'HallKierAlpha'  'MolLogP'  'NumHAcceptors'         'NumAliphaticRings'  'NumSaturatedRings'  'PEOE_VSA_1'  'PEOE_VSA_2'         'PEOE_VSA_6'  'PEOE_VSA_7'  'SMR_VSA_1'  'SMR_VSA_3'  'SMR_VSA_4'         'SMR_VSA_5'  'SMR_VSA_6'  'SMR_VSA_7'  'SMR_VSA_9'  'SMR_VSA_10'         'SlogP_VSA_1'  'SlogP_VSA_3'  'SlogP_VSA_4'  'SlogP_VSA_6'  'MQNs_8'         'MQNs_9'  'MQNs_10'  'MQNs_13'  'MQNs_16'  'MQNs_26'  'MQNs_28'         'MQNs_31'  'MQNs_41'  'MQNs_42'  'HBA1'  'MP'  'sbonds']        dtype='object')
79,-3095.7583740088276,Index(['CHds'  'XHds'  'HBAs'  'HydA0'  'HydP0'  'HydP'  'Hyd0'         'delta_g_sol_oct'  'Fsp3'  'nRotB'  'nAtom'  'nAromBond'  'nSmallRings'         'nAromBlocks'  'nRings5'  'nRings6'  'tpsaEfficiency'  'WPATH'         'WTPT.4'  'TopoPSA'  'MDEO.11'  'khs.sCH3'  'khs.ssCH2'  'khs.aaCH'         'khs.sssCH'  'khs.aasC'  'khs.ssO'  'Kier2'  'Kier3'  'ECCEN'  'SPC.4'         'VPC.4'  'SC.3'  'SC.5'  'VC.5'  'SCH.7'  'VCH.6'  'VCH.7'  'ATSp1'         'ATSc1'  'ATSc2'  'ATSc3'  'ATSc4'  'ATSc5'  'nHBDon'  'HallKierAlpha'         'MolLogP'  'NumHAcceptors'  'NumAliphaticRings'  'NumSaturatedRings'         'PEOE_VSA_1'  'PEOE_VSA_2'  'PEOE_VSA_6'  'PEOE_VSA_7'  'SMR_VSA_1'         'SMR_VSA_3'  'SMR_VSA_4'  'SMR_VSA_5'  'SMR_VSA_6'  'SMR_VSA_7'         'SMR_VSA_9'  'SMR_VSA_10'  'SlogP_VSA_1'  'SlogP_VSA_3'  'SlogP_VSA_4'         'SlogP_VSA_6'  'MQNs_8'  'MQNs_9'  'MQNs_10'  'MQNs_13'  'MQNs_16'         'MQNs_26'  'MQNs_28'  'MQNs_31'  'MQNs_41'  'MQNs_42'  'HBA1'  'MP'         'sbonds']        dtype='object')
80,-3854.676197542227,Index(['CHds'  'XHds'  'HBAs'  'HydA0'  'HydP0'  'HydP'  'Hyd0'         'delta_g_sol_oct'  'Fsp3'  'nRotB'  'nAtom'  'nAromBond'  'nSmallRings'         'nAromBlocks'  'nRings5'  'nRings6'  'tpsaEfficiency'  'WPATH'         'WTPT.4'  'TopoPSA'  'MDEO.11'  'khs.sCH3'  'khs.ssCH2'  'khs.aaCH'         'khs.sssCH'  'khs.aasC'  'khs.ssO'  'Kier2'  'Kier3'  'FMF'  'ECCEN'         'SPC.4'  'VPC.4'  'SC.3'  'SC.5'  'VC.5'  'SCH.7'  'VCH.6'  'VCH.7'         'ATSp1'  'ATSc1'  'ATSc2'  'ATSc3'  'ATSc4'  'ATSc5'  'nHBDon'         'HallKierAlpha'  'MolLogP'  'NumHAcceptors'  'NumAliphaticRings'         'NumSaturatedRings'  'PEOE_VSA_1'  'PEOE_VSA_2'  'PEOE_VSA_6'         'PEOE_VSA_7'  'SMR_VSA_1'  'SMR_VSA_3'  'SMR_VSA_4'  'SMR_VSA_5'         'SMR_VSA_6'  'SMR_VSA_7'  'SMR_VSA_9'  'SMR_VSA_10'  'SlogP_VSA_1'         'SlogP_VSA_3'  'SlogP_VSA_4'  'SlogP_VSA_6'  'MQNs_8'  'MQNs_9'         'MQNs_10'  'MQNs_13'  'MQNs_16'  'MQNs_26'  'MQNs_28'  'MQNs_31'         'MQNs_41'  'MQNs_42'  'HBA1'  'MP'  'sbonds']        dtype='object')
81,-5153.949820840705,Index(['CHds'  'XHds'  'HBAs'  'HydA0'  'HydP0'  'HydP'  'Hyd0'         'delta_g_sol_oct'  'Fsp3'  'nRotB'  'nAtom'  'nAromBond'  'nSmallRings'         'nAromBlocks'  'nRings5'  'nRings6'  'tpsaEfficiency'  'WPATH'         'WTPT.4'  'TopoPSA'  'MDEO.11'  'khs.sCH3'  'khs.ssCH2'  'khs.aaCH'         'khs.sssCH'  'khs.aasC'  'khs.sssN'  'khs.ssO'  'Kier2'  'Kier3'  'FMF'         'ECCEN'  'SPC.4'  'VPC.4'  'SC.3'  'SC.5'  'VC.5'  'SCH.7'  'VCH.6'         'VCH.7'  'ATSp1'  'ATSc1'  'ATSc2'  'ATSc3'  'ATSc4'  'ATSc5'  'nHBDon'         'HallKierAlpha'  'MolLogP'  'NumHAcceptors'  'NumAliphaticRings'         'NumSaturatedRings'  'PEOE_VSA_1'  'PEOE_VSA_2'  'PEOE_VSA_6'         'PEOE_VSA_7'  'SMR_VSA_1'  'SMR_VSA_3'  'SMR_VSA_4'  'SMR_VSA_5'         'SMR_VSA_6'  'SMR_VSA_7'  'SMR_VSA_9'  'SMR_VSA_10'  'SlogP_VSA_1'         'SlogP_VSA_3'  'SlogP_VSA_4'  'SlogP_VSA_6'  'MQNs_8'  'MQNs_9'         'MQNs_10'  'MQNs_13'  'MQNs_16'  'MQNs_26'  'MQNs_28'  'MQNs_31'         'MQNs_41'  'MQNs_42'  'HBA1'  'MP'  'sbonds']        dtype='object')
82,-5085.207479034054,Index(['CHds'  'XHds'  'HBAs'  'HydA0'  'HydP0'  'HydP'  'Hyd0'         'delta_g_sol_oct'  'Fsp3'  'nRotB'  'nAtom'  'nAromBond'  'nSmallRings'         'nAromBlocks'  'nRings5'  'nRings6'  'tpsaEfficiency'  'WPATH'         'WTPT.4'  'TopoPSA'  'MDEO.11'  'khs.sCH3'  'khs.ssCH2'  'khs.aaCH'         'khs.sssCH'  'khs.aasC'  'khs.sssN'  'khs.ssO'  'Kier2'  'Kier3'  'FMF'         'ECCEN'  'SPC.4'  'VPC.4'  'SC.3'  'SC.5'  'VC.5'  'SCH.7'  'VCH.6'         'VCH.7'  'ATSp1'  'ATSc1'  'ATSc2'  'ATSc3'  'ATSc4'  'ATSc5'  'nHBDon'         'HallKierAlpha'  'MolLogP'  'NumHAcceptors'  'NumAliphaticRings'         'NumSaturatedRings'  'PEOE_VSA_1'  'PEOE_VSA_2'  'PEOE_VSA_6'         'PEOE_VSA_7'  'SMR_VSA_1'  'SMR_VSA_3'  'SMR_VSA_4'  'SMR_VSA_5'         'SMR_VSA_6'  'SMR_VSA_7'  'SMR_VSA_9'  'SMR_VSA_10'  'SlogP_VSA_1'         'SlogP_VSA_3'  'SlogP_VSA_4'  'SlogP_VSA_5'  'SlogP_VSA_6'  'MQNs_8'         'MQNs_9'  'MQNs_10'  'MQNs_13'  'MQNs_16'  'MQNs_26'  'MQNs_28'         'MQNs_31'  'MQNs_41'  'MQNs_42'  'HBA1'  'MP'  'sbonds']        dtype='object')
83,-3616.082753035481,Index(['CHds'  'XHds'  'HBAs'  'HydA0'  'HydP0'  'HydP'  'Hyd0'         'delta_g_sol_oct'  'Fsp3'  'nRotB'  'nAtom'  'nAromBond'  'nSmallRings'         'nAromBlocks'  'nRings5'  'nRings6'  'tpsaEfficiency'  'WPATH'         'WTPT.4'  'VAdjMat'  'TopoPSA'  'MDEO.11'  'khs.sCH3'  'khs.ssCH2'         'khs.aaCH'  'khs.sssCH'  'khs.aasC'  'khs.sssN'  'khs.ssO'  'Kier2'         'Kier3'  'FMF'  'ECCEN'  'SPC.4'  'VPC.4'  'SC.3'  'SC.5'  'VC.5'         'SCH.7'  'VCH.6'  'VCH.7'  'ATSp1'  'ATSc1'  'ATSc2'  'ATSc3'  'ATSc4'         'ATSc5'  'nHBDon'  'HallKierAlpha'  'MolLogP'  'NumHAcceptors'         'NumAliphaticRings'  'NumSaturatedRings'  'PEOE_VSA_1'  'PEOE_VSA_2'         'PEOE_VSA_6'  'PEOE_VSA_7'  'SMR_VSA_1'  'SMR_VSA_3'  'SMR_VSA_4'         'SMR_VSA_5'  'SMR_VSA_6'  'SMR_VSA_7'  'SMR_VSA_9'  'SMR_VSA_10'         'SlogP_VSA_1'  'SlogP_VSA_3'  'SlogP_VSA_4'  'SlogP_VSA_5'         'SlogP_VSA_6'  'MQNs_8'  'MQNs_9'  'MQNs_10'  'MQNs_13'  'MQNs_16'         'MQNs_26'  'MQNs_28'  'MQNs_31'  'MQNs_41'  'MQNs_42'  'HBA1'  'MP'         'sbonds']        dtype='object')
84,-5236.703490063421,Index(['CHds'  'XHds'  'HBAs'  'HydA0'  'HydP0'  'HydP'  'Hyd0'         'delta_g_sol_oct'  'BCUTp.1h'  'Fsp3'  'nRotB'  'nAtom'  'nAromBond'         'nSmallRings'  'nAromBlocks'  'nRings5'  'nRings6'  'tpsaEfficiency'         'WPATH'  'WTPT.4'  'VAdjMat'  'TopoPSA'  'MDEO.11'  'khs.sCH3'         'khs.ssCH2'  'khs.aaCH'  'khs.sssCH'  'khs.aasC'  'khs.sssN'  'khs.ssO'         'Kier2'  'Kier3'  'FMF'  'ECCEN'  'SPC.4'  'VPC.4'  'SC.3'  'SC.5'         'VC.5'  'SCH.7'  'VCH.6'  'VCH.7'  'ATSp1'  'ATSc1'  'ATSc2'  'ATSc3'         'ATSc4'  'ATSc5'  'nHBDon'  'HallKierAlpha'  'MolLogP'  'NumHAcceptors'         'NumAliphaticRings'  'NumSaturatedRings'  'PEOE_VSA_1'  'PEOE_VSA_2'         'PEOE_VSA_6'  'PEOE_VSA_7'  'SMR_VSA_1'  'SMR_VSA_3'  'SMR_VSA_4'         'SMR_VSA_5'  'SMR_VSA_6'  'SMR_VSA_7'  'SMR_VSA_9'  'SMR_VSA_10'         'SlogP_VSA_1'  'SlogP_VSA_3'  'SlogP_VSA_4'  'SlogP_VSA_5'         'SlogP_VSA_6'  'MQNs_8'  'MQNs_9'  'MQNs_10'  'MQNs_13'  'MQNs_16'         'MQNs_26'  'MQNs_28'  'MQNs_31'  'MQNs_41'  'MQNs_42'  'HBA1'  'MP'         'sbonds']        dtype='object')
85,-5236.649886982774,Index(['CHds'  'XHds'  'HBAs'  'HydA0'  'HydP0'  'HydP'  'Hyd0'         'delta_g_sol_oct'  'BCUTp.1h'  'Fsp3'  'nRotB'  'nAtom'  'nAromBond'         'nSmallRings'  'nAromBlocks'  'nRings5'  'nRings6'  'tpsaEfficiency'         'WPATH'  'WTPT.2'  'WTPT.4'  'VAdjMat'  'TopoPSA'  'MDEO.11'         'khs.sCH3'  'khs.ssCH2'  'khs.aaCH'  'khs.sssCH'  'khs.aasC'         'khs.sssN'  'khs.ssO'  'Kier2'  'Kier3'  'FMF'  'ECCEN'  'SPC.4'         'VPC.4'  'SC.3'  'SC.5'  'VC.5'  'SCH.7'  'VCH.6'  'VCH.7'  'ATSp1'         'ATSc1'  'ATSc2'  'ATSc3'  'ATSc4'  'ATSc5'  'nHBDon'  'HallKierAlpha'         'MolLogP'  'NumHAcceptors'  'NumAliphaticRings'  'NumSaturatedRings'         'PEOE_VSA_1'  'PEOE_VSA_2'  'PEOE_VSA_6'  'PEOE_VSA_7'  'SMR_VSA_1'         'SMR_VSA_3'  'SMR_VSA_4'  'SMR_VSA_5'  'SMR_VSA_6'  'SMR_VSA_7'         'SMR_VSA_9'  'SMR_VSA_10'  'SlogP_VSA_1'  'SlogP_VSA_3'  'SlogP_VSA_4'         'SlogP_VSA_5'  'SlogP_VSA_6'  'MQNs_8'  'MQNs_9'  'MQNs_10'  'MQNs_13'         'MQNs_16'  'MQNs_26'  'MQNs_28'  'MQNs_31'  'MQNs_41'  'MQNs_42'         'HBA1'  'MP'  'sbonds']        dtype='object')
86,-4480.990460026961,Index(['CHds'  'XHds'  'HBAs'  'HydA0'  'HydP0'  'HydP'  'Hyd0'         'delta_g_sol_oct'  'BCUTp.1h'  'Fsp3'  'nRotB'  'nAtom'  'nAromBond'         'nSmallRings'  'nAromBlocks'  'nRings5'  'nRings6'  'tpsaEfficiency'         'WPATH'  'WTPT.2'  'WTPT.4'  'VAdjMat'  'TopoPSA'  'MDEO.11'         'khs.sCH3'  'khs.ssCH2'  'khs.aaCH'  'khs.sssCH'  'khs.aasC'         'khs.sssN'  'khs.ssO'  'Kier2'  'Kier3'  'FMF'  'ECCEN'  'SPC.4'         'VPC.4'  'SC.3'  'SC.5'  'VC.5'  'SCH.7'  'VCH.6'  'VCH.7'  'ATSp1'         'ATSc1'  'ATSc2'  'ATSc3'  'ATSc4'  'ATSc5'  'nHBDon'         'MaxPartialCharge'  'HallKierAlpha'  'MolLogP'  'NumHAcceptors'         'NumAliphaticRings'  'NumSaturatedRings'  'PEOE_VSA_1'  'PEOE_VSA_2'         'PEOE_VSA_6'  'PEOE_VSA_7'  'SMR_VSA_1'  'SMR_VSA_3'  'SMR_VSA_4'         'SMR_VSA_5'  'SMR_VSA_6'  'SMR_VSA_7'  'SMR_VSA_9'  'SMR_VSA_10'         'SlogP_VSA_1'  'SlogP_VSA_3'  'SlogP_VSA_4'  'SlogP_VSA_5'         'SlogP_VSA_6'  'MQNs_8'  'MQNs_9'  'MQNs_10'  'MQNs_13'  'MQNs_16'         'MQNs_26'  'MQNs_28'  'MQNs_31'  'MQNs_41'  'MQNs_42'  'HBA1'  'MP'         'sbonds']        dtype='object')
87,-5196.225884953352,Index(['CHds'  'XHds'  'HBAs'  'HydA0'  'HydP0'  'HydP'  'Hyd0'         'delta_g_sol_oct'  'BCUTp.1h'  'Fsp3'  'nRotB'  'nAtom'  'nAromBond'         'nSmallRings'  'nAromBlocks'  'nRings5'  'nRings6'  'tpsaEfficiency'         'WPATH'  'WTPT.2'  'WTPT.4'  'VAdjMat'  'TopoPSA'  'MDEO.11'         'khs.sCH3'  'khs.ssCH2'  'khs.aaCH'  'khs.sssCH'  'khs.aasC'         'khs.sssN'  'khs.ssO'  'Kier2'  'Kier3'  'FMF'  'ECCEN'  'SPC.4'         'VPC.4'  'SC.3'  'SC.5'  'VC.5'  'SCH.7'  'VCH.6'  'VCH.7'  'ATSp1'         'ATSc1'  'ATSc2'  'ATSc3'  'ATSc4'  'ATSc5'  'nHBDon'         'MaxPartialCharge'  'HallKierAlpha'  'MolLogP'  'NumHAcceptors'         'NumAmideBonds'  'NumAliphaticRings'  'NumSaturatedRings'  'PEOE_VSA_1'         'PEOE_VSA_2'  'PEOE_VSA_6'  'PEOE_VSA_7'  'SMR_VSA_1'  'SMR_VSA_3'         'SMR_VSA_4'  'SMR_VSA_5'  'SMR_VSA_6'  'SMR_VSA_7'  'SMR_VSA_9'         'SMR_VSA_10'  'SlogP_VSA_1'  'SlogP_VSA_3'  'SlogP_VSA_4'         'SlogP_VSA_5'  'SlogP_VSA_6'  'MQNs_8'  'MQNs_9'  'MQNs_10'  'MQNs_13'         'MQNs_16'  'MQNs_26'  'MQNs_28'  'MQNs_31'  'MQNs_41'  'MQNs_42'         'HBA1'  'MP'  'sbonds']        dtype='object')
88,-5103.761474913051,Index(['CHds'  'XHds'  'HBAs'  'HydA0'  'HydP0'  'HydP'  'Hyd0'         'delta_g_sol_oct'  'BCUTp.1h'  'Fsp3'  'MW'  'nRotB'  'nAtom'         'nAromBond'  'nSmallRings'  'nAromBlocks'  'nRings5'  'nRings6'         'tpsaEfficiency'  'WPATH'  'WTPT.2'  'WTPT.4'  'VAdjMat'  'TopoPSA'         'MDEO.11'  'khs.sCH3'  'khs.ssCH2'  'khs.aaCH'  'khs.sssCH'  'khs.aasC'         'khs.sssN'  'khs.ssO'  'Kier2'  'Kier3'  'FMF'  'ECCEN'  'SPC.4'         'VPC.4'  'SC.3'  'SC.5'  'VC.5'  'SCH.7'  'VCH.6'  'VCH.7'  'ATSp1'         'ATSc1'  'ATSc2'  'ATSc3'  'ATSc4'  'ATSc5'  'nHBDon'         'MaxPartialCharge'  'HallKierAlpha'  'MolLogP'  'NumHAcceptors'         'NumAmideBonds'  'NumAliphaticRings'  'NumSaturatedRings'  'PEOE_VSA_1'         'PEOE_VSA_2'  'PEOE_VSA_6'  'PEOE_VSA_7'  'SMR_VSA_1'  'SMR_VSA_3'         'SMR_VSA_4'  'SMR_VSA_5'  'SMR_VSA_6'  'SMR_VSA_7'  'SMR_VSA_9'         'SMR_VSA_10'  'SlogP_VSA_1'  'SlogP_VSA_3'  'SlogP_VSA_4'         'SlogP_VSA_5'  'SlogP_VSA_6'  'MQNs_8'  'MQNs_9'  'MQNs_10'  'MQNs_13'         'MQNs_16'  'MQNs_26'  'MQNs_28'  'MQNs_31'  'MQNs_41'  'MQNs_42'         'HBA1'  'MP'  'sbonds']        dtype='object')
89,-5403.22186699459,Index(['CHds'  'XHds'  'HBAs'  'HydA0'  'HydP0'  'HydP'  'Hyd0'         'delta_g_sol_oct'  'BCUTp.1h'  'Fsp3'  'MW'  'nRotB'  'nAtom'         'nAromBond'  'nSmallRings'  'nAromBlocks'  'nRings5'  'nRings6'         'tpsaEfficiency'  'WPATH'  'WTPT.2'  'WTPT.4'  'VAdjMat'  'TopoPSA'         'MDEO.11'  'khs.sCH3'  'khs.ssCH2'  'khs.aaCH'  'khs.sssCH'  'khs.dssC'         'khs.aasC'  'khs.sssN'  'khs.ssO'  'Kier2'  'Kier3'  'FMF'  'ECCEN'         'SPC.4'  'VPC.4'  'SC.3'  'SC.5'  'VC.5'  'SCH.7'  'VCH.6'  'VCH.7'         'ATSp1'  'ATSc1'  'ATSc2'  'ATSc3'  'ATSc4'  'ATSc5'  'nHBDon'         'MaxPartialCharge'  'HallKierAlpha'  'MolLogP'  'NumHAcceptors'         'NumAmideBonds'  'NumAliphaticRings'  'NumSaturatedRings'  'PEOE_VSA_1'         'PEOE_VSA_2'  'PEOE_VSA_6'  'PEOE_VSA_7'  'SMR_VSA_1'  'SMR_VSA_3'         'SMR_VSA_4'  'SMR_VSA_5'  'SMR_VSA_6'  'SMR_VSA_7'  'SMR_VSA_9'         'SMR_VSA_10'  'SlogP_VSA_1'  'SlogP_VSA_3'  'SlogP_VSA_4'         'SlogP_VSA_5'  'SlogP_VSA_6'  'MQNs_8'  'MQNs_9'  'MQNs_10'  'MQNs_13'         'MQNs_16'  'MQNs_26'  'MQNs_28'  'MQNs_31'  'MQNs_41'  'MQNs_42'         'HBA1'  'MP'  'sbonds']        dtype='object')
90,-5379.762944169221,Index(['CHds'  'XHds'  'HBAs'  'HydA0'  'HydP0'  'HydP'  'Hyd0'         'delta_g_sol_oct'  'BCUTp.1h'  'Fsp3'  'MW'  'nRotB'  'nAtom'         'nAromBond'  'nSmallRings'  'nAromBlocks'  'nRings5'  'nRings6'         'tpsaEfficiency'  'WPATH'  'WTPT.2'  'WTPT.3'  'WTPT.4'  'VAdjMat'         'TopoPSA'  'MDEO.11'  'khs.sCH3'  'khs.ssCH2'  'khs.aaCH'  'khs.sssCH'         'khs.dssC'  'khs.aasC'  'khs.sssN'  'khs.ssO'  'Kier2'  'Kier3'  'FMF'         'ECCEN'  'SPC.4'  'VPC.4'  'SC.3'  'SC.5'  'VC.5'  'SCH.7'  'VCH.6'         'VCH.7'  'ATSp1'  'ATSc1'  'ATSc2'  'ATSc3'  'ATSc4'  'ATSc5'  'nHBDon'         'MaxPartialCharge'  'HallKierAlpha'  'MolLogP'  'NumHAcceptors'         'NumAmideBonds'  'NumAliphaticRings'  'NumSaturatedRings'  'PEOE_VSA_1'         'PEOE_VSA_2'  'PEOE_VSA_6'  'PEOE_VSA_7'  'SMR_VSA_1'  'SMR_VSA_3'         'SMR_VSA_4'  'SMR_VSA_5'  'SMR_VSA_6'  'SMR_VSA_7'  'SMR_VSA_9'         'SMR_VSA_10'  'SlogP_VSA_1'  'SlogP_VSA_3'  'SlogP_VSA_4'         'SlogP_VSA_5'  'SlogP_VSA_6'  'MQNs_8'  'MQNs_9'  'MQNs_10'  'MQNs_13'         'MQNs_16'  'MQNs_26'  'MQNs_28'  'MQNs_31'  'MQNs_41'  'MQNs_42'         'HBA1'  'MP'  'sbonds']        dtype='object')
91,-5023.276165606731,Index(['CHds'  'XHds'  'HBAs'  'HydA0'  'HydP0'  'HydP'  'Hyd0'         'delta_g_sol_oct'  'BCUTp.1h'  'Fsp3'  'MW'  'nRotB'  'nAtom'         'nAromBond'  'nSmallRings'  'nAromBlocks'  'nRings5'  'nRings6'         'tpsaEfficiency'  'WPATH'  'WTPT.2'  'WTPT.3'  'WTPT.4'  'VAdjMat'         'TopoPSA'  'MDEO.11'  'khs.sCH3'  'khs.ssCH2'  'khs.aaCH'  'khs.sssCH'         'khs.dssC'  'khs.aasC'  'khs.aaN'  'khs.sssN'  'khs.ssO'  'Kier2'         'Kier3'  'FMF'  'ECCEN'  'SPC.4'  'VPC.4'  'SC.3'  'SC.5'  'VC.5'         'SCH.7'  'VCH.6'  'VCH.7'  'ATSp1'  'ATSc1'  'ATSc2'  'ATSc3'  'ATSc4'         'ATSc5'  'nHBDon'  'MaxPartialCharge'  'HallKierAlpha'  'MolLogP'         'NumHAcceptors'  'NumAmideBonds'  'NumAliphaticRings'         'NumSaturatedRings'  'PEOE_VSA_1'  'PEOE_VSA_2'  'PEOE_VSA_6'         'PEOE_VSA_7'  'SMR_VSA_1'  'SMR_VSA_3'  'SMR_VSA_4'  'SMR_VSA_5'         'SMR_VSA_6'  'SMR_VSA_7'  'SMR_VSA_9'  'SMR_VSA_10'  'SlogP_VSA_1'         'SlogP_VSA_3'  'SlogP_VSA_4'  'SlogP_VSA_5'  'SlogP_VSA_6'  'MQNs_8'         'MQNs_9'  'MQNs_10'  'MQNs_13'  'MQNs_16'  'MQNs_26'  'MQNs_28'         'MQNs_31'  'MQNs_41'  'MQNs_42'  'HBA1'  'MP'  'sbonds']        dtype='object')
92,-5742.749074018529,Index(['CHds'  'XHds'  'HBAs'  'HydA0'  'HydP0'  'HydP'  'Hyd0'         'delta_g_sol_oct'  'BCUTp.1h'  'Fsp3'  'MW'  'nRotB'  'nAtom'         'nAromBond'  'nSmallRings'  'nAromBlocks'  'nRings5'  'nRings6'         'tpsaEfficiency'  'WPATH'  'WTPT.2'  'WTPT.3'  'WTPT.4'  'VAdjMat'         'TopoPSA'  'MDEO.11'  'khs.sCH3'  'khs.ssCH2'  'khs.aaCH'  'khs.sssCH'         'khs.dssC'  'khs.aasC'  'khs.aaN'  'khs.sssN'  'khs.ssO'  'Kier2'         'Kier3'  'FMF'  'ECCEN'  'SPC.4'  'VPC.4'  'SC.3'  'SC.5'  'VC.5'         'SCH.7'  'VCH.6'  'VCH.7'  'C1SP2'  'ATSp1'  'ATSc1'  'ATSc2'  'ATSc3'         'ATSc4'  'ATSc5'  'nHBDon'  'MaxPartialCharge'  'HallKierAlpha'         'MolLogP'  'NumHAcceptors'  'NumAmideBonds'  'NumAliphaticRings'         'NumSaturatedRings'  'PEOE_VSA_1'  'PEOE_VSA_2'  'PEOE_VSA_6'         'PEOE_VSA_7'  'SMR_VSA_1'  'SMR_VSA_3'  'SMR_VSA_4'  'SMR_VSA_5'         'SMR_VSA_6'  'SMR_VSA_7'  'SMR_VSA_9'  'SMR_VSA_10'  'SlogP_VSA_1'         'SlogP_VSA_3'  'SlogP_VSA_4'  'SlogP_VSA_5'  'SlogP_VSA_6'  'MQNs_8'         'MQNs_9'  'MQNs_10'  'MQNs_13'  'MQNs_16'  'MQNs_26'  'MQNs_28'         'MQNs_31'  'MQNs_41'  'MQNs_42'  'HBA1'  'MP'  'sbonds']        dtype='object')
93,-5537.93073450291,Index(['CHds'  'XHds'  'HBAs'  'HydA0'  'HydP0'  'HydP'  'Hyd0'         'delta_g_sol_oct'  'BCUTp.1h'  'Fsp3'  'MW'  'nRotB'  'nAtom'         'nAromBond'  'nSmallRings'  'nRingBlocks'  'nAromBlocks'  'nRings5'         'nRings6'  'tpsaEfficiency'  'WPATH'  'WTPT.2'  'WTPT.3'  'WTPT.4'         'VAdjMat'  'TopoPSA'  'MDEO.11'  'khs.sCH3'  'khs.ssCH2'  'khs.aaCH'         'khs.sssCH'  'khs.dssC'  'khs.aasC'  'khs.aaN'  'khs.sssN'  'khs.ssO'         'Kier2'  'Kier3'  'FMF'  'ECCEN'  'SPC.4'  'VPC.4'  'SC.3'  'SC.5'         'VC.5'  'SCH.7'  'VCH.6'  'VCH.7'  'C1SP2'  'ATSp1'  'ATSc1'  'ATSc2'         'ATSc3'  'ATSc4'  'ATSc5'  'nHBDon'  'MaxPartialCharge'         'HallKierAlpha'  'MolLogP'  'NumHAcceptors'  'NumAmideBonds'         'NumAliphaticRings'  'NumSaturatedRings'  'PEOE_VSA_1'  'PEOE_VSA_2'         'PEOE_VSA_6'  'PEOE_VSA_7'  'SMR_VSA_1'  'SMR_VSA_3'  'SMR_VSA_4'         'SMR_VSA_5'  'SMR_VSA_6'  'SMR_VSA_7'  'SMR_VSA_9'  'SMR_VSA_10'         'SlogP_VSA_1'  'SlogP_VSA_3'  'SlogP_VSA_4'  'SlogP_VSA_5'         'SlogP_VSA_6'  'MQNs_8'  'MQNs_9'  'MQNs_10'  'MQNs_13'  'MQNs_16'         'MQNs_26'  'MQNs_28'  'MQNs_31'  'MQNs_41'  'MQNs_42'  'HBA1'  'MP'         'sbonds']        dtype='object')
94,-5550.688026263837,Index(['CHds'  'XHds'  'HBAs'  'HydA0'  'HydP0'  'HydP'  'Hyd0'         'delta_g_sol_oct'  'BCUTp.1h'  'Fsp3'  'MW'  'nRotB'  'nAtom'         'nAromBond'  'nSmallRings'  'nRingBlocks'  'nAromBlocks'  'nRings5'         'nRings6'  'tpsaEfficiency'  'WPATH'  'WTPT.2'  'WTPT.3'  'WTPT.4'         'VAdjMat'  'TopoPSA'  'MDEO.11'  'khs.sCH3'  'khs.ssCH2'  'khs.aaCH'         'khs.sssCH'  'khs.dssC'  'khs.aasC'  'khs.aaN'  'khs.sssN'  'khs.ssO'         'Kier2'  'Kier3'  'FMF'  'ECCEN'  'SPC.4'  'VPC.4'  'SC.3'  'SC.5'         'VC.5'  'SCH.7'  'VCH.6'  'VCH.7'  'C1SP2'  'ATSp1'  'ATSc1'  'ATSc2'         'ATSc3'  'ATSc4'  'ATSc5'  'nHBDon'  'MaxPartialCharge'         'HallKierAlpha'  'MolLogP'  'NumHAcceptors'  'NumAmideBonds'         'NumAliphaticRings'  'NumSaturatedRings'  'PEOE_VSA_1'  'PEOE_VSA_2'         'PEOE_VSA_6'  'PEOE_VSA_7'  'SMR_VSA_1'  'SMR_VSA_3'  'SMR_VSA_4'         'SMR_VSA_5'  'SMR_VSA_6'  'SMR_VSA_7'  'SMR_VSA_9'  'SMR_VSA_10'         'SlogP_VSA_1'  'SlogP_VSA_3'  'SlogP_VSA_4'  'SlogP_VSA_5'         'SlogP_VSA_6'  'MQNs_8'  'MQNs_9'  'MQNs_10'  'MQNs_13'  'MQNs_16'         'MQNs_26'  'MQNs_28'  'MQNs_30'  'MQNs_31'  'MQNs_41'  'MQNs_42'         'HBA1'  'MP'  'sbonds']        dtype='object')
95,-5148.934904708798,Index(['CHds'  'XHds'  'HBAs'  'HydA0'  'HydP0'  'HydP'  'Hyd0'         'delta_g_sol_oct'  'BCUTp.1h'  'Fsp3'  'MW'  'nRotB'  'nAtom'         'nAromBond'  'nSmallRings'  'nRingBlocks'  'nAromBlocks'  'nRings5'         'nRings6'  'tpsaEfficiency'  'WPATH'  'WTPT.2'  'WTPT.3'  'WTPT.4'         'VAdjMat'  'TopoPSA'  'MDEO.11'  'khs.sCH3'  'khs.ssCH2'  'khs.aaCH'         'khs.sssCH'  'khs.dssC'  'khs.aasC'  'khs.aaN'  'khs.sssN'  'khs.ssO'         'Kier2'  'Kier3'  'FMF'  'ECCEN'  'SPC.4'  'VPC.4'  'SC.3'  'SC.5'         'VC.5'  'SCH.5'  'SCH.7'  'VCH.6'  'VCH.7'  'C1SP2'  'ATSp1'  'ATSc1'         'ATSc2'  'ATSc3'  'ATSc4'  'ATSc5'  'nHBDon'  'MaxPartialCharge'         'HallKierAlpha'  'MolLogP'  'NumHAcceptors'  'NumAmideBonds'         'NumAliphaticRings'  'NumSaturatedRings'  'PEOE_VSA_1'  'PEOE_VSA_2'         'PEOE_VSA_6'  'PEOE_VSA_7'  'SMR_VSA_1'  'SMR_VSA_3'  'SMR_VSA_4'         'SMR_VSA_5'  'SMR_VSA_6'  'SMR_VSA_7'  'SMR_VSA_9'  'SMR_VSA_10'         'SlogP_VSA_1'  'SlogP_VSA_3'  'SlogP_VSA_4'  'SlogP_VSA_5'         'SlogP_VSA_6'  'MQNs_8'  'MQNs_9'  'MQNs_10'  'MQNs_13'  'MQNs_16'         'MQNs_26'  'MQNs_28'  'MQNs_30'  'MQNs_31'  'MQNs_41'  'MQNs_42'         'HBA1'  'MP'  'sbonds']        dtype='object')
96,-5148.7649041773775,Index(['CHds'  'XHds'  'HBAs'  'HydA0'  'HydP0'  'HydP'  'Hyd0'         'delta_g_sol_oct'  'BCUTp.1h'  'Fsp3'  'MW'  'nRotB'  'nAtom'         'nAromBond'  'nSmallRings'  'nRingBlocks'  'nAromBlocks'  'nRings5'         'nRings6'  'tpsaEfficiency'  'WPATH'  'WTPT.2'  'WTPT.3'  'WTPT.4'         'VAdjMat'  'TopoPSA'  'MDEO.11'  'khs.sCH3'  'khs.ssCH2'  'khs.aaCH'         'khs.sssCH'  'khs.dssC'  'khs.aasC'  'khs.aaN'  'khs.sssN'  'khs.ssO'         'Kier2'  'Kier3'  'FMF'  'ECCEN'  'SPC.4'  'VPC.4'  'SC.3'  'SC.5'         'VC.5'  'SCH.5'  'SCH.6'  'SCH.7'  'VCH.6'  'VCH.7'  'C1SP2'  'ATSp1'         'ATSc1'  'ATSc2'  'ATSc3'  'ATSc4'  'ATSc5'  'nHBDon'         'MaxPartialCharge'  'HallKierAlpha'  'MolLogP'  'NumHAcceptors'         'NumAmideBonds'  'NumAliphaticRings'  'NumSaturatedRings'  'PEOE_VSA_1'         'PEOE_VSA_2'  'PEOE_VSA_6'  'PEOE_VSA_7'  'SMR_VSA_1'  'SMR_VSA_3'         'SMR_VSA_4'  'SMR_VSA_5'  'SMR_VSA_6'  'SMR_VSA_7'  'SMR_VSA_9'         'SMR_VSA_10'  'SlogP_VSA_1'  'SlogP_VSA_3'  'SlogP_VSA_4'         'SlogP_VSA_5'  'SlogP_VSA_6'  'MQNs_8'  'MQNs_9'  'MQNs_10'  'MQNs_13'         'MQNs_16'  'MQNs_26'  'MQNs_28'  'MQNs_30'  'MQNs_31'  'MQNs_41'         'MQNs_42'  'HBA1'  'MP'  'sbonds']        dtype='object')
97,-5244.045158876521,Index(['CHds'  'XHds'  'HBAs'  'HydA0'  'HydP0'  'HydP'  'Hyd0'         'delta_g_sol_oct'  'BCUTp.1h'  'Fsp3'  'MW'  'nRotB'  'nAtom'         'nAromBond'  'nSmallRings'  'nRingBlocks'  'nAromBlocks'  'nRings5'         'nRings6'  'tpsaEfficiency'  'WPATH'  'WTPT.2'  'WTPT.3'  'WTPT.4'         'VAdjMat'  'TopoPSA'  'MDEO.11'  'khs.sCH3'  'khs.ssCH2'  'khs.aaCH'         'khs.sssCH'  'khs.dssC'  'khs.aasC'  'khs.aaN'  'khs.sssN'  'khs.ssO'         'Kier2'  'Kier3'  'FMF'  'ECCEN'  'SPC.4'  'VPC.4'  'SC.3'  'SC.5'         'VC.5'  'SCH.5'  'SCH.6'  'SCH.7'  'VCH.5'  'VCH.6'  'VCH.7'  'C1SP2'         'ATSp1'  'ATSc1'  'ATSc2'  'ATSc3'  'ATSc4'  'ATSc5'  'nHBDon'         'MaxPartialCharge'  'HallKierAlpha'  'MolLogP'  'NumHAcceptors'         'NumAmideBonds'  'NumAliphaticRings'  'NumSaturatedRings'  'PEOE_VSA_1'         'PEOE_VSA_2'  'PEOE_VSA_6'  'PEOE_VSA_7'  'SMR_VSA_1'  'SMR_VSA_3'         'SMR_VSA_4'  'SMR_VSA_5'  'SMR_VSA_6'  'SMR_VSA_7'  'SMR_VSA_9'         'SMR_VSA_10'  'SlogP_VSA_1'  'SlogP_VSA_3'  'SlogP_VSA_4'         'SlogP_VSA_5'  'SlogP_VSA_6'  'MQNs_8'  'MQNs_9'  'MQNs_10'  'MQNs_13'         'MQNs_16'  'MQNs_26'  'MQNs_28'  'MQNs_30'  'MQNs_31'  'MQNs_41'         'MQNs_42'  'HBA1'  'MP'  'sbonds']        dtype='object')
98,-4781.44279794839,Index(['CHds'  'XHds'  'HBAs'  'HydA0'  'HydP0'  'HydP'  'Hyd0'         'delta_g_sol_oct'  'BCUTp.1h'  'Fsp3'  'MW'  'nRotB'  'nAtom'         'nAromBond'  'nSmallRings'  'nRingBlocks'  'nAromBlocks'  'nRings5'         'nRings6'  'tpsaEfficiency'  'WPATH'  'WTPT.2'  'WTPT.3'  'WTPT.4'         'VAdjMat'  'TopoPSA'  'MDEO.11'  'khs.sCH3'  'khs.ssCH2'  'khs.aaCH'         'khs.sssCH'  'khs.dssC'  'khs.aasC'  'khs.aaN'  'khs.sssN'  'khs.ssO'         'Kier2'  'Kier3'  'FMF'  'ECCEN'  'SPC.4'  'VPC.4'  'SC.3'  'SC.5'         'VC.4'  'VC.5'  'SCH.5'  'SCH.6'  'SCH.7'  'VCH.5'  'VCH.6'  'VCH.7'         'C1SP2'  'ATSp1'  'ATSc1'  'ATSc2'  'ATSc3'  'ATSc4'  'ATSc5'  'nHBDon'         'MaxPartialCharge'  'HallKierAlpha'  'MolLogP'  'NumHAcceptors'         'NumAmideBonds'  'NumAliphaticRings'  'NumSaturatedRings'  'PEOE_VSA_1'         'PEOE_VSA_2'  'PEOE_VSA_6'  'PEOE_VSA_7'  'SMR_VSA_1'  'SMR_VSA_3'         'SMR_VSA_4'  'SMR_VSA_5'  'SMR_VSA_6'  'SMR_VSA_7'  'SMR_VSA_9'         'SMR_VSA_10'  'SlogP_VSA_1'  'SlogP_VSA_3'  'SlogP_VSA_4'         'SlogP_VSA_5'  'SlogP_VSA_6'  'MQNs_8'  'MQNs_9'  'MQNs_10'  'MQNs_13'         'MQNs_16'  'MQNs_26'  'MQNs_28'  'MQNs_30'  'MQNs_31'  'MQNs_41'         'MQNs_42'  'HBA1'  'MP'  'sbonds']        dtype='object')
99,-4829.424343928828,Index(['CHds'  'XHds'  'HBAs'  'HydA0'  'HydP0'  'HydP'  'Hyd0'         'delta_g_sol_oct'  'BCUTp.1h'  'Fsp3'  'MW'  'nRotB'  'nAtom'         'nAromBond'  'nSmallRings'  'nRingBlocks'  'nAromBlocks'  'nRings5'         'nRings6'  'tpsaEfficiency'  'WPATH'  'WTPT.2'  'WTPT.3'  'WTPT.4'         'VAdjMat'  'TopoPSA'  'MDEO.11'  'khs.sCH3'  'khs.ssCH2'  'khs.aaCH'         'khs.sssCH'  'khs.dssC'  'khs.aasC'  'khs.aaN'  'khs.sssN'  'khs.ssO'         'Kier2'  'Kier3'  'FMF'  'ECCEN'  'SPC.4'  'VPC.4'  'SC.3'  'SC.5'         'VC.4'  'VC.5'  'SCH.5'  'SCH.6'  'SCH.7'  'VCH.5'  'VCH.6'  'VCH.7'         'C1SP2'  'ATSp1'  'ATSc1'  'ATSc2'  'ATSc3'  'ATSc4'  'ATSc5'  'nHBDon'         'nHBAcc'  'MaxPartialCharge'  'HallKierAlpha'  'MolLogP'         'NumHAcceptors'  'NumAmideBonds'  'NumAliphaticRings'         'NumSaturatedRings'  'PEOE_VSA_1'  'PEOE_VSA_2'  'PEOE_VSA_6'         'PEOE_VSA_7'  'SMR_VSA_1'  'SMR_VSA_3'  'SMR_VSA_4'  'SMR_VSA_5'         'SMR_VSA_6'  'SMR_VSA_7'  'SMR_VSA_9'  'SMR_VSA_10'  'SlogP_VSA_1'         'SlogP_VSA_3'  'SlogP_VSA_4'  'SlogP_VSA_5'  'SlogP_VSA_6'  'MQNs_8'         'MQNs_9'  'MQNs_10'  'MQNs_13'  'MQNs_16'  'MQNs_26'  'MQNs_28'         'MQNs_30'  'MQNs_31'  'MQNs_41'  'MQNs_42'  'HBA1'  'MP'  'sbonds']        dtype='object')
100,-4410.033506982515,Index(['CHds'  'XHds'  'HBAs'  'HydA0'  'HydP0'  'HydP'  'Hyd0'         'delta_g_sol_oct'  'BCUTp.1h'  'Fsp3'  'MW'  'nRotB'  'nAtom'         'nAromBond'  'nSmallRings'  'nRingBlocks'  'nAromBlocks'  'nRings5'         'nRings6'  'tpsaEfficiency'  'WPATH'  'WTPT.2'  'WTPT.3'  'WTPT.4'         'VAdjMat'  'TopoPSA'  'MDEO.11'  'khs.sCH3'  'khs.ssCH2'  'khs.aaCH'         'khs.sssCH'  'khs.dssC'  'khs.aasC'  'khs.aaN'  'khs.sssN'  'khs.ssO'         'Kier2'  'Kier3'  'FMF'  'ECCEN'  'SPC.4'  'VPC.4'  'SC.3'  'SC.5'         'VC.4'  'VC.5'  'SCH.5'  'SCH.6'  'SCH.7'  'VCH.5'  'VCH.6'  'VCH.7'         'C1SP2'  'ATSp1'  'ATSc1'  'ATSc2'  'ATSc3'  'ATSc4'  'ATSc5'  'nHBDon'         'nHBAcc'  'MaxPartialCharge'  'HallKierAlpha'  'MolLogP'         'NumHAcceptors'  'NumAmideBonds'  'NumAliphaticRings'         'NumSaturatedRings'  'PEOE_VSA_1'  'PEOE_VSA_2'  'PEOE_VSA_6'         'PEOE_VSA_7'  'PEOE_VSA_11'  'SMR_VSA_1'  'SMR_VSA_3'  'SMR_VSA_4'         'SMR_VSA_5'  'SMR_VSA_6'  'SMR_VSA_7'  'SMR_VSA_9'  'SMR_VSA_10'         'SlogP_VSA_1'  'SlogP_VSA_3'  'SlogP_VSA_4'  'SlogP_VSA_5'         'SlogP_VSA_6'  'MQNs_8'  'MQNs_9'  'MQNs_10'  'MQNs_13'  'MQNs_16'         'MQNs_26'  'MQNs_28'  'MQNs_30'  'MQNs_31'  'MQNs_41'  'MQNs_42'         'HBA1'  'MP'  'sbonds']        dtype='object')
101,-4168.441258716354,Index(['CHds'  'XHds'  'HBAs'  'HydA0'  'HydP0'  'HydP'  'Hyd0'         'delta_g_sol_oct'  'BCUTp.1h'  'Fsp3'         ...        'MQNs_16'  'MQNs_26'  'MQNs_28'  'MQNs_30'  'MQNs_31'  'MQNs_41'         'MQNs_42'  'HBA1'  'MP'  'sbonds']        dtype='object'  length=101)
102,-4147.764156992375,Index(['CHds'  'XHds'  'HBAs'  'HydA0'  'HydP0'  'HydP'  'Hyd0'         'delta_g_sol_oct'  'BCUTp.1h'  'Fsp3'         ...        'MQNs_16'  'MQNs_26'  'MQNs_28'  'MQNs_30'  'MQNs_31'  'MQNs_41'         'MQNs_42'  'HBA1'  'MP'  'sbonds']        dtype='object'  length=102)
103,-4232.187569918822,Index(['CHds'  'XHds'  'HBAs'  'HydA0'  'HydP0'  'HydP'  'Hyd0'         'delta_g_sol_oct'  'BCUTp.1h'  'Fsp3'         ...        'MQNs_16'  'MQNs_26'  'MQNs_28'  'MQNs_30'  'MQNs_31'  'MQNs_41'         'MQNs_42'  'HBA1'  'MP'  'sbonds']        dtype='object'  length=103)
104,-4204.342318294056,Index(['CHds'  'XHds'  'HBAs'  'HydA0'  'HydP0'  'HydP'  'Hyd0'         'delta_g_sol_oct'  'BCUTp.1h'  'Fsp3'         ...        'MQNs_16'  'MQNs_26'  'MQNs_28'  'MQNs_30'  'MQNs_31'  'MQNs_41'         'MQNs_42'  'HBA1'  'MP'  'sbonds']        dtype='object'  length=104)
105,-5134.518503436419,Index(['CHds'  'XHds'  'HBAs'  'HydA0'  'HydP0'  'HydP'  'Hyd0'         'delta_g_sol_oct'  'BCUTp.1h'  'Fsp3'         ...        'MQNs_16'  'MQNs_26'  'MQNs_28'  'MQNs_30'  'MQNs_31'  'MQNs_41'         'MQNs_42'  'HBA1'  'MP'  'sbonds']        dtype='object'  length=105)
106,-5134.518620174884,Index(['CHds'  'XHds'  'HBAs'  'HydA0'  'HydP0'  'HydP'  'Hyd0'  'Hyd'         'delta_g_sol_oct'  'BCUTp.1h'         ...        'MQNs_16'  'MQNs_26'  'MQNs_28'  'MQNs_30'  'MQNs_31'  'MQNs_41'         'MQNs_42'  'HBA1'  'MP'  'sbonds']        dtype='object'  length=106)
107,-5192.768448665407,Index(['CHds'  'XHds'  'HBAs'  'HydA0'  'HydP0'  'HydP'  'Hyd0'  'Hyd'         'delta_g_sol_oct'  'BCUTp.1h'         ...        'MQNs_16'  'MQNs_26'  'MQNs_28'  'MQNs_30'  'MQNs_31'  'MQNs_41'         'MQNs_42'  'HBA1'  'MP'  'sbonds']        dtype='object'  length=107)
108,-5585.983015881319,Index(['CHds'  'XHds'  'HBAs'  'HydA0'  'HydP0'  'HydP'  'Hyd0'  'Hyd'         'delta_g_sol_oct'  'BCUTp.1h'         ...        'MQNs_16'  'MQNs_26'  'MQNs_28'  'MQNs_30'  'MQNs_31'  'MQNs_41'         'MQNs_42'  'HBA1'  'MP'  'sbonds']        dtype='object'  length=108)
109,-5655.810859569203,Index(['CHds'  'XHds'  'HBAs'  'HydA0'  'HydP0'  'HydP'  'Hyd0'  'Hyd'         'delta_g_sol_oct'  'BCUTp.1h'         ...        'MQNs_16'  'MQNs_26'  'MQNs_28'  'MQNs_30'  'MQNs_31'  'MQNs_41'         'MQNs_42'  'HBA1'  'MP'  'sbonds']        dtype='object'  length=109)
110,-3034.9450523296973,Index(['CHds'  'XHds'  'HBAs'  'HydA0'  'HydP0'  'HydP'  'Hyd0'  'Hyd'         'delta_g_sol_oct'  'BCUTp.1h'         ...        'MQNs_16'  'MQNs_26'  'MQNs_28'  'MQNs_30'  'MQNs_31'  'MQNs_41'         'MQNs_42'  'HBA1'  'MP'  'sbonds']        dtype='object'  length=110)
111,-3046.321491105599,Index(['CHds'  'XHds'  'HBAs'  'HydA0'  'HydP0'  'HydP'  'Hyd0'  'Hyd'         'delta_g_sol_oct'  'BCUTp.1h'         ...        'MQNs_16'  'MQNs_26'  'MQNs_28'  'MQNs_30'  'MQNs_31'  'MQNs_41'         'MQNs_42'  'HBA1'  'MP'  'sbonds']        dtype='object'  length=111)
112,-4948.746884205429,Index(['CHds'  'XHds'  'HBAs'  'HydA0'  'HydP0'  'HydP'  'Hyd0'  'Hyd'         'delta_g_sol_oct'  'BCUTp.1h'         ...        'MQNs_16'  'MQNs_26'  'MQNs_28'  'MQNs_30'  'MQNs_31'  'MQNs_41'         'MQNs_42'  'HBA1'  'MP'  'sbonds']        dtype='object'  length=112)
113,-4666.478695556669,Index(['CHds'  'XHds'  'HBAs'  'HydA0'  'HydP0'  'HydP'  'Hyd0'  'Hyd'         'delta_g_sol_oct'  'BCUTp.1h'         ...        'MQNs_16'  'MQNs_26'  'MQNs_28'  'MQNs_30'  'MQNs_31'  'MQNs_41'         'MQNs_42'  'HBA1'  'MP'  'sbonds']        dtype='object'  length=113)
114,-4595.744019915894,Index(['CHds'  'XHds'  'HBAs'  'HydA0'  'HydP0'  'HydP'  'Hyd0'  'Hyd'         'delta_g_sol_oct'  'BCUTp.1h'         ...        'MQNs_16'  'MQNs_26'  'MQNs_28'  'MQNs_30'  'MQNs_31'  'MQNs_41'         'MQNs_42'  'HBA1'  'MP'  'sbonds']        dtype='object'  length=114)
115,-4589.608088738589,Index(['CHds'  'XHds'  'HBAs'  'HydA0'  'HydP0'  'HydP'  'Hyd0'  'Hyd'         'delta_g_sol_oct'  'BCUTp.1h'         ...        'MQNs_16'  'MQNs_26'  'MQNs_28'  'MQNs_30'  'MQNs_31'  'MQNs_41'         'MQNs_42'  'HBA1'  'MP'  'sbonds']        dtype='object'  length=115)
116,-6568.455600952121,Index(['CHds'  'XHds'  'HBAs'  'HydA0'  'HydP0'  'HydP'  'Hyd0'  'Hyd'         'delta_g_sol_oct'  'BCUTp.1h'         ...        'MQNs_16'  'MQNs_26'  'MQNs_28'  'MQNs_30'  'MQNs_31'  'MQNs_41'         'MQNs_42'  'HBA1'  'MP'  'sbonds']        dtype='object'  length=116)
117,-6335.508205478168,Index(['CHds'  'XHds'  'HBAs'  'HydA0'  'HydP0'  'HydP'  'Hyd0'  'Hyd'         'delta_g_sol_oct'  'BCUTw.1l'         ...        'MQNs_16'  'MQNs_26'  'MQNs_28'  'MQNs_30'  'MQNs_31'  'MQNs_41'         'MQNs_42'  'HBA1'  'MP'  'sbonds']        dtype='object'  length=117)
118,-6901.283546440939,Index(['CHds'  'XHds'  'HBAs'  'HydA0'  'HydP0'  'HydP'  'Hyd0'  'Hyd'         'delta_g_sol_oct'  'BCUTw.1l'         ...        'MQNs_16'  'MQNs_26'  'MQNs_28'  'MQNs_30'  'MQNs_31'  'MQNs_41'         'MQNs_42'  'HBA1'  'MP'  'sbonds']        dtype='object'  length=118)
119,-7408.920736989712,Index(['CHds'  'XHds'  'HBAs'  'HydA0'  'HydP0'  'HydP'  'Hyd0'  'Hyd'         'delta_g_sol_oct'  'BCUTw.1l'         ...        'MQNs_16'  'MQNs_26'  'MQNs_28'  'MQNs_30'  'MQNs_31'  'MQNs_41'         'MQNs_42'  'HBA1'  'MP'  'sbonds']        dtype='object'  length=119)
120,-7350.56922302271,Index(['CHds'  'XHds'  'HBAs'  'HydA0'  'HydP0'  'HydP'  'Hyd0'  'Hyd'         'delta_g_sol_oct'  'BCUTw.1l'         ...        'MQNs_16'  'MQNs_26'  'MQNs_28'  'MQNs_30'  'MQNs_31'  'MQNs_41'         'MQNs_42'  'HBA1'  'MP'  'sbonds']        dtype='object'  length=120)
121,-9270.854559599591,Index(['CHds'  'XHds'  'HBAs'  'HydA0'  'HydP0'  'HydP'  'Hyd0'  'Hyd'         'delta_g_sol_oct'  'BCUTw.1l'         ...        'MQNs_16'  'MQNs_26'  'MQNs_28'  'MQNs_30'  'MQNs_31'  'MQNs_41'         'MQNs_42'  'HBA1'  'MP'  'sbonds']        dtype='object'  length=121)
122,-9149.715519768128,Index(['CHds'  'XHds'  'HBAs'  'HydA0'  'HydP0'  'HydP'  'Hyd0'  'Hyd'         'delta_g_sol_oct'  'BCUTw.1l'         ...        'MQNs_16'  'MQNs_26'  'MQNs_28'  'MQNs_30'  'MQNs_31'  'MQNs_41'         'MQNs_42'  'HBA1'  'MP'  'sbonds']        dtype='object'  length=122)
123,-9233.473611014428,Index(['CHds'  'XHds'  'HBAs'  'HydA0'  'HydP0'  'HydP'  'Hyd0'  'Hyd'         'delta_g_sol_oct'  'BCUTw.1l'         ...        'MQNs_16'  'MQNs_26'  'MQNs_28'  'MQNs_30'  'MQNs_31'  'MQNs_41'         'MQNs_42'  'HBA1'  'MP'  'sbonds']        dtype='object'  length=123)
124,-9233.47380027193,Index(['CHds'  'XHds'  'HBAs'  'HydA0'  'HydA'  'HydP0'  'HydP'  'Hyd0'  'Hyd'         'delta_g_sol_oct'         ...        'MQNs_16'  'MQNs_26'  'MQNs_28'  'MQNs_30'  'MQNs_31'  'MQNs_41'         'MQNs_42'  'HBA1'  'MP'  'sbonds']        dtype='object'  length=124)
125,-8621.910701703604,Index(['CHds'  'XHds'  'HBAs'  'HydA0'  'HydA'  'HydP0'  'HydP'  'Hyd0'  'Hyd'         'delta_g_sol_oct'         ...        'MQNs_16'  'MQNs_26'  'MQNs_28'  'MQNs_30'  'MQNs_31'  'MQNs_41'         'MQNs_42'  'HBA1'  'MP'  'sbonds']        dtype='object'  length=125)
126,-8489.603511841537,Index(['CHds'  'XHds'  'HBAs'  'HydA0'  'HydA'  'HydP0'  'HydP'  'Hyd0'  'Hyd'         'delta_g_sol_oct'         ...        'MQNs_16'  'MQNs_26'  'MQNs_28'  'MQNs_30'  'MQNs_31'  'MQNs_41'         'MQNs_42'  'HBA1'  'MP'  'sbonds']        dtype='object'  length=126)
127,-8853.898493488165,Index(['CHds'  'XHds'  'HBAs'  'HydA0'  'HydA'  'HydP0'  'HydP'  'Hyd0'  'Hyd'         'delta_g_sol_oct'         ...        'MQNs_16'  'MQNs_26'  'MQNs_28'  'MQNs_30'  'MQNs_31'  'MQNs_41'         'MQNs_42'  'HBA1'  'MP'  'sbonds']        dtype='object'  length=127)
128,-9027.884568149228,Index(['CHds'  'XHds'  'HBAs'  'HydA0'  'HydA'  'HydP0'  'HydP'  'Hyd0'  'Hyd'         'delta_g_sol_oct'         ...        'MQNs_16'  'MQNs_26'  'MQNs_28'  'MQNs_30'  'MQNs_31'  'MQNs_41'         'MQNs_42'  'HBA1'  'MP'  'sbonds']        dtype='object'  length=128)
129,-7772.9363972887495,Index(['CHds'  'XHds'  'HBAs'  'HydA0'  'HydA'  'HydP0'  'HydP'  'Hyd0'  'Hyd'         'delta_g_sol_oct'         ...        'MQNs_16'  'MQNs_26'  'MQNs_28'  'MQNs_30'  'MQNs_31'  'MQNs_41'         'MQNs_42'  'HBA1'  'MP'  'sbonds']        dtype='object'  length=129)
130,-7698.251877482704,Index(['CHds'  'XHds'  'HBAs'  'HydA0'  'HydA'  'HydP0'  'HydP'  'Hyd0'  'Hyd'         'delta_g_sol_oct'         ...        'MQNs_16'  'MQNs_26'  'MQNs_28'  'MQNs_30'  'MQNs_31'  'MQNs_41'         'MQNs_42'  'HBA1'  'MP'  'sbonds']        dtype='object'  length=130)
131,-7717.0812497337,Index(['CHds'  'XHds'  'HBAs'  'HydA0'  'HydA'  'HydP0'  'HydP'  'Hyd0'  'Hyd'         'delta_g_sol_oct'         ...        'MQNs_16'  'MQNs_26'  'MQNs_28'  'MQNs_30'  'MQNs_31'  'MQNs_41'         'MQNs_42'  'HBA1'  'MP'  'sbonds']        dtype='object'  length=131)
132,-7512.174589764833,Index(['CHds'  'XHds'  'HBAs'  'HydA0'  'HydA'  'HydP0'  'HydP'  'Hyd0'  'Hyd'         'delta_g_sol_oct'         ...        'MQNs_16'  'MQNs_26'  'MQNs_28'  'MQNs_30'  'MQNs_31'  'MQNs_41'         'MQNs_42'  'HBA1'  'MP'  'sbonds']        dtype='object'  length=132)
133,-7978.538011260949,Index(['CHds'  'XHds'  'HBAs'  'HydA0'  'HydA'  'HydP0'  'HydP'  'Hyd0'  'Hyd'         'delta_g_sol_oct'         ...        'MQNs_16'  'MQNs_26'  'MQNs_28'  'MQNs_30'  'MQNs_31'  'MQNs_41'         'MQNs_42'  'HBA1'  'MP'  'sbonds']        dtype='object'  length=133)
134,-7465.866702859521,Index(['CHds'  'XHds'  'HBAs'  'HydA0'  'HydA'  'HydP0'  'HydP'  'Hyd0'  'Hyd'         'delta_g_sol_oct'         ...        'MQNs_16'  'MQNs_26'  'MQNs_28'  'MQNs_30'  'MQNs_31'  'MQNs_41'         'MQNs_42'  'HBA1'  'MP'  'sbonds']        dtype='object'  length=134)
135,-7435.695600070574,Index(['CHds'  'XHds'  'HBAs'  'HydA0'  'HydA'  'HydP0'  'HydP'  'Hyd0'  'Hyd'         'delta_g_sol_oct'         ...        'MQNs_16'  'MQNs_26'  'MQNs_28'  'MQNs_30'  'MQNs_31'  'MQNs_41'         'MQNs_42'  'HBA1'  'MP'  'sbonds']        dtype='object'  length=135)
136,-7411.947792022909,Index(['CHds'  'XHds'  'HBAs'  'HydA0'  'HydA'  'HydP0'  'HydP'  'Hyd0'  'Hyd'         'delta_g_sol_oct'         ...        'MQNs_16'  'MQNs_26'  'MQNs_28'  'MQNs_30'  'MQNs_31'  'MQNs_41'         'MQNs_42'  'HBA1'  'MP'  'sbonds']        dtype='object'  length=136)
137,-7445.590861879648,Index(['CHds'  'XHds'  'HBAs'  'HydA0'  'HydA'  'HydP0'  'HydP'  'Hyd0'  'Hyd'         'delta_g_sol_oct'         ...        'MQNs_16'  'MQNs_26'  'MQNs_28'  'MQNs_30'  'MQNs_31'  'MQNs_41'         'MQNs_42'  'HBA1'  'MP'  'sbonds']        dtype='object'  length=137)
138,-7230.581431997028,Index(['CHds'  'XHds'  'HBAs'  'HydA0'  'HydA'  'HydP0'  'HydP'  'Hyd0'  'Hyd'         'delta_g_sol_oct'         ...        'MQNs_16'  'MQNs_26'  'MQNs_28'  'MQNs_30'  'MQNs_31'  'MQNs_41'         'MQNs_42'  'HBA1'  'MP'  'sbonds']        dtype='object'  length=138)
139,-7868.005267952135,Index(['CHds'  'XHds'  'HBAs'  'HydA0'  'HydA'  'HydP0'  'HydP'  'Hyd0'  'Hyd'         'delta_g_sol_oct'         ...        'MQNs_16'  'MQNs_26'  'MQNs_28'  'MQNs_30'  'MQNs_31'  'MQNs_41'         'MQNs_42'  'HBA1'  'MP'  'sbonds']        dtype='object'  length=139)
140,-7919.686902539317,Index(['CHds'  'XHds'  'HBAs'  'HydA0'  'HydA'  'HydP0'  'HydP'  'Hyd0'  'Hyd'         'delta_g_sol_oct'         ...        'MQNs_16'  'MQNs_26'  'MQNs_28'  'MQNs_30'  'MQNs_31'  'MQNs_41'         'MQNs_42'  'HBA1'  'MP'  'sbonds']        dtype='object'  length=140)
141,-8115.815170507533,Index(['CHds'  'XHds'  'HBAs'  'HydA0'  'HydA'  'HydP0'  'HydP'  'Hyd0'  'Hyd'         'delta_g_sol_oct'         ...        'MQNs_16'  'MQNs_26'  'MQNs_28'  'MQNs_30'  'MQNs_31'  'MQNs_41'         'MQNs_42'  'HBA1'  'MP'  'sbonds']        dtype='object'  length=141)
142,-8077.686701581692,Index(['CHds'  'XHds'  'HBAs'  'HydA0'  'HydA'  'HydP0'  'HydP'  'Hyd0'  'Hyd'         'delta_g_sol_oct'         ...        'MQNs_16'  'MQNs_26'  'MQNs_28'  'MQNs_30'  'MQNs_31'  'MQNs_41'         'MQNs_42'  'HBA1'  'MP'  'sbonds']        dtype='object'  length=142)
143,-7992.52619872451,Index(['CHds'  'XHds'  'HBAs'  'HydA0'  'HydA'  'HydP0'  'HydP'  'Hyd0'  'Hyd'         'delta_g_sol_oct'         ...        'MQNs_16'  'MQNs_26'  'MQNs_28'  'MQNs_30'  'MQNs_31'  'MQNs_41'         'MQNs_42'  'HBA1'  'MP'  'sbonds']        dtype='object'  length=143)
144,-8433.657324096599,Index(['CHds'  'XHds'  'HBAs'  'HydA0'  'HydA'  'HydP0'  'HydP'  'Hyd0'  'Hyd'         'delta_g_sol_oct'         ...        'MQNs_16'  'MQNs_26'  'MQNs_28'  'MQNs_30'  'MQNs_31'  'MQNs_41'         'MQNs_42'  'HBA1'  'MP'  'sbonds']        dtype='object'  length=144)
145,-8347.150020904623,Index(['CHds'  'XHds'  'HBAs'  'HydA0'  'HydA'  'HydP0'  'HydP'  'Hyd0'  'Hyd'         'delta_g_sol_oct'         ...        'MQNs_16'  'MQNs_26'  'MQNs_28'  'MQNs_30'  'MQNs_31'  'MQNs_41'         'MQNs_42'  'HBA1'  'MP'  'sbonds']        dtype='object'  length=145)
146,-8248.030328392928,Index(['CHds'  'XHds'  'HBAs'  'HydA0'  'HydA'  'HydP0'  'HydP'  'Hyd0'  'Hyd'         'delta_g_sol_oct'         ...        'MQNs_16'  'MQNs_26'  'MQNs_28'  'MQNs_30'  'MQNs_31'  'MQNs_41'         'MQNs_42'  'HBA1'  'MP'  'sbonds']        dtype='object'  length=146)
147,-8283.97429906108,Index(['CHds'  'XHds'  'HBAs'  'HydA0'  'HydA'  'HydP0'  'HydP'  'Hyd0'  'Hyd'         'delta_g_sol_oct'         ...        'MQNs_16'  'MQNs_26'  'MQNs_28'  'MQNs_30'  'MQNs_31'  'MQNs_41'         'MQNs_42'  'HBA1'  'MP'  'sbonds']        dtype='object'  length=147)
148,-9266.66208344817,Index(['CHds'  'XHds'  'HBAs'  'HydA0'  'HydA'  'HydP0'  'HydP'  'Hyd0'  'Hyd'         'delta_g_sol_oct'         ...        'MQNs_26'  'MQNs_27'  'MQNs_28'  'MQNs_30'  'MQNs_31'  'MQNs_41'         'MQNs_42'  'HBA1'  'MP'  'sbonds']        dtype='object'  length=148)
149,-9296.107510798136,Index(['CHds'  'XHds'  'HBAs'  'HydA0'  'HydA'  'HydP0'  'HydP'  'Hyd0'  'Hyd'         'delta_g_sol_oct'         ...        'MQNs_26'  'MQNs_27'  'MQNs_28'  'MQNs_30'  'MQNs_31'  'MQNs_41'         'MQNs_42'  'HBA1'  'MP'  'sbonds']        dtype='object'  length=149)
150,-9331.09074132185,Index(['CHds'  'XHds'  'HBAs'  'HydA0'  'HydA'  'HydP0'  'HydP'  'Hyd0'  'Hyd'         'delta_g_sol_oct'         ...        'MQNs_26'  'MQNs_27'  'MQNs_28'  'MQNs_30'  'MQNs_31'  'MQNs_41'         'MQNs_42'  'HBA1'  'MP'  'sbonds']        dtype='object'  length=150)
151,-11020.684857304153,Index(['CHds'  'XHds'  'HBAs'  'HydA0'  'HydA'  'HydP0'  'HydP'  'Hyd0'  'Hyd'         'delta_g_sol_oct'         ...        'MQNs_26'  'MQNs_27'  'MQNs_28'  'MQNs_30'  'MQNs_31'  'MQNs_41'         'MQNs_42'  'HBA1'  'MP'  'sbonds']        dtype='object'  length=151)
152,-10926.874428852947,Index(['CHds'  'XHds'  'HBAs'  'HydA0'  'HydA'  'HydP0'  'HydP'  'Hyd0'  'Hyd'         'delta_g_sol_oct'         ...        'MQNs_26'  'MQNs_27'  'MQNs_28'  'MQNs_30'  'MQNs_31'  'MQNs_41'         'MQNs_42'  'HBA1'  'MP'  'sbonds']        dtype='object'  length=152)
153,-12086.3083733914,Index(['CHds'  'XHds'  'HBAs'  'HydA0'  'HydA'  'HydP0'  'HydP'  'Hyd0'  'Hyd'         'delta_g_sol_oct'         ...        'MQNs_26'  'MQNs_27'  'MQNs_28'  'MQNs_30'  'MQNs_31'  'MQNs_41'         'MQNs_42'  'HBA1'  'MP'  'sbonds']        dtype='object'  length=153)
154,-11779.719927999748,Index(['CHds'  'XHds'  'HBAs'  'HydA0'  'HydA'  'HydP0'  'HydP'  'Hyd0'  'Hyd'         'delta_g_sol_oct'         ...        'MQNs_26'  'MQNs_27'  'MQNs_28'  'MQNs_30'  'MQNs_31'  'MQNs_41'         'MQNs_42'  'HBA1'  'MP'  'sbonds']        dtype='object'  length=154)
155,-11598.727679415495,Index(['CHds'  'XHds'  'HBAs'  'HydA0'  'HydA'  'HydP0'  'HydP'  'Hyd0'  'Hyd'         'delta_g_sol_oct'         ...        'MQNs_26'  'MQNs_27'  'MQNs_28'  'MQNs_30'  'MQNs_31'  'MQNs_41'         'MQNs_42'  'HBA1'  'MP'  'sbonds']        dtype='object'  length=155)
156,-11249.994385946675,Index(['CHds'  'XHds'  'HBAs'  'HydA0'  'HydA'  'HydP0'  'HydP'  'Hyd0'  'Hyd'         'delta_g_sol_oct'         ...        'MQNs_26'  'MQNs_27'  'MQNs_28'  'MQNs_30'  'MQNs_31'  'MQNs_41'         'MQNs_42'  'HBA1'  'MP'  'sbonds']        dtype='object'  length=156)
157,-11183.616163743436,Index(['CHds'  'XHds'  'HBAs'  'HydA0'  'HydA'  'HydP0'  'HydP'  'Hyd0'  'Hyd'         'delta_g_sol_oct'         ...        'MQNs_26'  'MQNs_27'  'MQNs_28'  'MQNs_30'  'MQNs_31'  'MQNs_41'         'MQNs_42'  'HBA1'  'MP'  'sbonds']        dtype='object'  length=157)
158,-11416.307155091588,Index(['CHds'  'XHds'  'HBAs'  'HydA0'  'HydA'  'HydP0'  'HydP'  'Hyd0'  'Hyd'         'delta_g_sol_oct'         ...        'MQNs_26'  'MQNs_27'  'MQNs_28'  'MQNs_30'  'MQNs_31'  'MQNs_41'         'MQNs_42'  'HBA1'  'MP'  'sbonds']        dtype='object'  length=158)
159,-11416.42879005718,Index(['CHds'  'XHds'  'HBAs'  'HydA0'  'HydA'  'HydP0'  'HydP'  'Hyd0'  'Hyd'         'delta_g_sol_oct'         ...        'MQNs_26'  'MQNs_27'  'MQNs_28'  'MQNs_30'  'MQNs_31'  'MQNs_41'         'MQNs_42'  'HBA1'  'MP'  'sbonds']        dtype='object'  length=159)
160,-11485.979299167026,Index(['CHds'  'XHds'  'HBAs'  'HydA0'  'HydA'  'HydP0'  'HydP'  'Hyd0'  'Hyd'         'delta_g_sol_oct'         ...        'MQNs_26'  'MQNs_27'  'MQNs_28'  'MQNs_30'  'MQNs_31'  'MQNs_41'         'MQNs_42'  'HBA1'  'MP'  'sbonds']        dtype='object'  length=160)
